id,text,category,confidence
1502,I forgot my password and cannot access my account.,account,5
2587,My account is locked and I cannot sign in.,account,4
2654,How can I change my password?,account,5
1056,I am getting an error when I try to upload a file.,technical,4
706,The software freezes when I upload a file.,technical,3
107,There is a bug preventing me from save a project.,technical,5
590,There is a bug preventing me from generate a document.,technical,5
2469,How can I change my password?,account,5
2414,I cannot log into my account.,account,5
1601,My account is locked and I cannot sign in.,account,4
2465,How can I change my password?,account,3
229,The software freezes when I generate a document.,technical,5
916,There is a bug preventing me from download a file.,technical,5
795,Something is broken and I cannot import data.,technical,5
3022,Why was I charged for this month?,billing,4
3544,I was charged the wrong amount.,billing,5
1074,There is a bug preventing me from upload a file.,technical,5
3352,Why was I charged for this month?,billing,5
1745,I cannot log into my account.,account,5
1085,The application is not working correctly when I download a file.,technical,5
927,The system stops working whenever I open a document.,technical,4
3050,The subscription price on my invoice is incorrect.,billing,5
1118,The software freezes when I open the dashboard.,technical,4
643,There is a bug preventing me from open a document.,technical,3
4768,I want to close my account and cancel the service.,cancellation,5
502,The application crashes when I open a document.,technical,5
4067,Where can I find the documentation?,general,5
334,There is a bug preventing me from open the dashboard.,technical,4
4685,Is it possible to add a mobile application?,feature_request,5
487,The application crashes when I import data.,technical,5
1963,I cannot access my account after changing my password.,account,4
394,The application is not working correctly when I import data.,technical,4
4843,Please help me cancel my subscription.,cancellation,3
4867,I want to stop using the service.,cancellation,4
1756,How do I change my account permissions?,account,5
2516,I need help updating my profile information.,account,5
3586,I need a copy of my invoice.,billing,4
4316,Could you implement calendar integration?,feature_request,2
4967,How can I cancel my account?,cancellation,4
2100,I need to update the email address on my profile.,account,5
3600,I was charged the wrong amount.,billing,5
4122,Can you give me more information about the service?,general,4
30,The system stops working whenever I open the dashboard.,technical,3
66,I am getting an error when I try to open the dashboard.,technical,5
839,The application is not working correctly when I import data.,technical,5
3907,Can you explain how this works?,general,5
3774,I would like more information about your plans.,general,5
4636,I would like the platform to support calendar integration.,feature_request,3
3162,I was charged the wrong amount.,billing,3
2660,How can I change my password?,account,4
4616,I would like to request a new feature for an improved search system.,feature_request,2
4629,Please consider adding custom notifications in a future update.,feature_request,2
2452,How can I change my password?,account,5
2847,The subscription price on my invoice is incorrect.,billing,5
1145,The system stops working whenever I open a document.,technical,4
3079,How can I change my payment method?,billing,4
1104,The application crashes when I export a report.,technical,4
169,The application is not working correctly when I download a file.,technical,4
1671,I cannot log into my account.,account,5
2571,How can I change my password?,account,4
2378,I cannot log into my account.,account,4
4396,Could you implement advanced reporting?,feature_request,4
4258,I have a general question about the service.,general,4
3863,I have a general question about the service.,general,2
24,I keep receiving an error while trying to download a file.,technical,4
2634,I need help updating my profile information.,account,4
3341,Why was I charged for this month?,billing,4
2216,I cannot access my account after changing my password.,account,5
3683,I have a general question about the service.,general,2
4725,Could you implement bulk file uploads?,feature_request,4
1908,I cannot access my account after changing my password.,account,4
85,I am getting an error when I try to upload a file.,technical,5
228,Something is broken and I cannot generate a document.,technical,5
297,The application crashes when I open the dashboard.,technical,5
1002,I am getting an error when I try to import data.,technical,4
2139,I cannot access my account after changing my password.,account,4
712,The software freezes when I open the dashboard.,technical,5
2802,I do not recognize a charge on my account.,billing,3
2528,I need help updating my profile information.,account,5
3753,Can you tell me more about the platform?,general,3
3322,Why was I charged for this month?,billing,5
3182,I need a copy of my invoice.,billing,5
4184,Where can I find the documentation?,general,4
1616,I cannot access my account after changing my password.,account,4
3025,The subscription price on my invoice is incorrect.,billing,4
1414,The software freezes when I open a document.,technical,3
764,The system stops working whenever I generate a document.,technical,4
656,There is a bug preventing me from open the dashboard.,technical,4
4798,How do I terminate my subscription?,cancellation,5
3850,Where can I find the documentation?,general,3
4154,Can you tell me more about the platform?,general,5
469,There is a bug preventing me from generate a document.,technical,4
158,Something is broken and I cannot download a file.,technical,3
1296,The system stops working whenever I open the dashboard.,technical,4
498,The application is not working correctly when I open the dashboard.,technical,5
4741,I would like to request a new feature for advanced reporting.,feature_request,3
2941,The subscription price on my invoice is incorrect.,billing,4
3457,Why was I charged for this month?,billing,4
374,There is a bug preventing me from open a document.,technical,4
80,There is a bug preventing me from upload a file.,technical,5
1554,My account is locked and I cannot sign in.,account,3
1670,My account is locked and I cannot sign in.,account,4
2132,I cannot access my account after changing my password.,account,5
4440,Could you implement additional export formats?,feature_request,3
466,The application crashes when I open a document.,technical,3
249,Something is broken and I cannot import data.,technical,4
932,The application is not working correctly when I upload a file.,technical,4
1336,I am getting an error when I try to export a report.,technical,4
4525,It would be useful to have custom notifications.,feature_request,2
1339,The application crashes when I save a project.,technical,4
1407,I am getting an error when I try to import data.,technical,5
1091,The software freezes when I upload a file.,technical,5
4210,Can you explain how this works?,general,4
743,I keep receiving an error while trying to download a file.,technical,3
2324,I cannot log into my account.,account,5
3602,Can you give me more information about the service?,general,3
2124,I forgot my password and cannot access my account.,account,5
2095,I forgot my password and cannot access my account.,account,5
241,Something is broken and I cannot generate a document.,technical,5
2352,How can I change my password?,account,5
1371,There is a bug preventing me from generate a document.,technical,4
1058,Something is broken and I cannot import data.,technical,4
4817,I would like to cancel my plan.,cancellation,3
200,There is a bug preventing me from open a document.,technical,4
2281,I cannot log into my account.,account,5
4750,Please consider adding calendar integration in a future update.,feature_request,4
2221,I need help updating my profile information.,account,4
4772,How do I terminate my subscription?,cancellation,2
2820,I need a copy of my invoice.,billing,5
3151,I was charged twice for my subscription.,billing,5
4257,Where can I find more information about this product?,general,2
3108,My payment was declined.,billing,4
1974,How can I change my password?,account,5
1376,I am getting an error when I try to open a document.,technical,5
3969,Where can I find the documentation?,general,4
4063,Where can I find the documentation?,general,5
4446,I would like the platform to support additional export formats.,feature_request,5
3558,The subscription price on my invoice is incorrect.,billing,5
965,I keep receiving an error while trying to import data.,technical,5
180,I am getting an error when I try to save a project.,technical,5
3699,Can you explain how this works?,general,5
3822,I would like more information about your plans.,general,4
4879,I want to close my account and cancel the service.,cancellation,2
3900,How does the platform work?,general,3
4488,Could you add a mobile application to the application?,feature_request,3
3239,I do not recognize a charge on my account.,billing,4
2975,The subscription price on my invoice is incorrect.,billing,5
3581,The subscription price on my invoice is incorrect.,billing,5
2888,How can I change my payment method?,billing,5
2576,My account is locked and I cannot sign in.,account,5
1420,There is a bug preventing me from generate a document.,technical,5
3908,Where can I find more information about this product?,general,4
4674,Could you implement bulk file uploads?,feature_request,5
4903,I want to stop using the service.,cancellation,5
1861,I cannot access my account after changing my password.,account,5
9,The system stops working whenever I export a report.,technical,5
2895,I do not recognize a charge on my account.,billing,5
2848,How can I change my payment method?,billing,4
3665,I have a general question about the service.,general,4
145,Something is broken and I cannot upload a file.,technical,5
2105,I need help updating my profile information.,account,5
3144,How can I change my payment method?,billing,5
842,Something is broken and I cannot upload a file.,technical,4
1129,Something is broken and I cannot import data.,technical,4
152,Something is broken and I cannot export a report.,technical,4
3592,My payment was declined.,billing,4
1053,Something is broken and I cannot upload a file.,technical,5
1591,I cannot access my account after changing my password.,account,5
3009,How can I change my payment method?,billing,5
2030,My account is locked and I cannot sign in.,account,5
3419,I need a copy of my invoice.,billing,5
1808,I cannot access my account after changing my password.,account,4
2697,How do I change my account permissions?,account,4
3040,Why was I charged for this month?,billing,3
473,There is a bug preventing me from save a project.,technical,4
3290,The subscription price on my invoice is incorrect.,billing,5
4075,How does the platform work?,general,3
3497,I was charged twice for my subscription.,billing,5
280,Something is broken and I cannot upload a file.,technical,5
1742,How do I change my account permissions?,account,5
4625,Could you implement advanced reporting?,feature_request,5
2887,The subscription price on my invoice is incorrect.,billing,5
1942,I cannot log into my account.,account,5
101,The system stops working whenever I upload a file.,technical,5
2805,The subscription price on my invoice is incorrect.,billing,5
3571,My payment was declined.,billing,4
3685,How does the platform work?,general,4
3662,I have a general question about the service.,general,4
531,The application is not working correctly when I save a project.,technical,4
1887,I forgot my password and cannot access my account.,account,4
682,I keep receiving an error while trying to generate a document.,technical,5
3795,I would like more information about your plans.,general,3
3945,Can you give me more information about the service?,general,5
4667,I would like the platform to support additional export formats.,feature_request,4
2019,I need to update the email address on my profile.,account,3
1097,The application crashes when I open the dashboard.,technical,4
830,The software freezes when I open the dashboard.,technical,4
2806,I need a copy of my invoice.,billing,3
3830,Where can I find more information about this product?,general,2
4382,Could you implement custom notifications?,feature_request,2
3892,Can you give me more information about the service?,general,3
765,The system stops working whenever I download a file.,technical,5
2768,How can I change my payment method?,billing,3
4329,I would like the platform to support bulk file uploads.,feature_request,4
3296,My payment was declined.,billing,5
2195,How do I change my account permissions?,account,4
2358,I cannot log into my account.,account,5
3426,Why was I charged for this month?,billing,4
3980,Can you explain how this works?,general,5
912,The software freezes when I upload a file.,technical,4
3146,My payment was declined.,billing,5
1000,Something is broken and I cannot upload a file.,technical,4
3654,How does the platform work?,general,5
2484,How do I change my account permissions?,account,4
4077,Can you explain how this works?,general,2
2371,I forgot my password and cannot access my account.,account,5
4839,How do I terminate my subscription?,cancellation,4
34,Something is broken and I cannot generate a document.,technical,5
3790,Where can I find more information about this product?,general,3
1021,Something is broken and I cannot export a report.,technical,5
1648,I need to update the email address on my profile.,account,3
734,The application is not working correctly when I export a report.,technical,5
4583,Is it possible to add dark mode?,feature_request,4
3275,I do not recognize a charge on my account.,billing,4
1621,How can I change my password?,account,4
3136,I was charged the wrong amount.,billing,3
2690,How can I change my password?,account,5
2708,I was charged the wrong amount.,billing,5
298,The system stops working whenever I open a document.,technical,4
2340,How can I change my password?,account,5
654,The application is not working correctly when I open the dashboard.,technical,5
3775,I have a general question about the service.,general,4
1256,The system stops working whenever I save a project.,technical,4
4521,Is it possible to add a mobile application?,feature_request,5
231,There is a bug preventing me from export a report.,technical,4
3277,I was charged the wrong amount.,billing,5
3231,My payment was declined.,billing,5
692,The software freezes when I generate a document.,technical,4
2755,Why was I charged for this month?,billing,4
4864,I want to close my account and cancel the service.,cancellation,5
970,There is a bug preventing me from upload a file.,technical,5
634,I keep receiving an error while trying to open a document.,technical,5
4093,Can you explain how this works?,general,4
4078,Can you give me more information about the service?,general,3
1322,I am getting an error when I try to download a file.,technical,4
1832,I need help updating my profile information.,account,4
2179,I need help updating my profile information.,account,4
1418,I keep receiving an error while trying to open the dashboard.,technical,4
1783,I cannot log into my account.,account,5
4716,It would be useful to have advanced reporting.,feature_request,3
4702,It would be useful to have calendar integration.,feature_request,4
4119,Where can I find more information about this product?,general,5
1653,I need help updating my profile information.,account,5
1484,I keep receiving an error while trying to import data.,technical,5
2276,How can I change my password?,account,5
878,The software freezes when I download a file.,technical,5
3526,How can I change my payment method?,billing,4
2017,I forgot my password and cannot access my account.,account,5
427,Something is broken and I cannot open the dashboard.,technical,5
627,Something is broken and I cannot generate a document.,technical,4
1590,I need to update the email address on my profile.,account,4
2224,I need to update the email address on my profile.,account,3
2218,I need help updating my profile information.,account,4
4484,Please consider adding bulk file uploads in a future update.,feature_request,3
1486,The system stops working whenever I open the dashboard.,technical,4
1740,I cannot access my account after changing my password.,account,5
2481,How can I change my password?,account,3
2585,How can I change my password?,account,5
2894,I was charged the wrong amount.,billing,5
150,Something is broken and I cannot open the dashboard.,technical,4
677,There is a bug preventing me from import data.,technical,5
1262,There is a bug preventing me from open a document.,technical,4
4918,How can I cancel my account?,cancellation,4
13,I am getting an error when I try to download a file.,technical,3
1834,My account is locked and I cannot sign in.,account,5
3249,I was charged the wrong amount.,billing,5
1492,I keep receiving an error while trying to download a file.,technical,5
2728,My payment was declined.,billing,5
3687,Can you explain how this works?,general,4
1425,The system stops working whenever I open a document.,technical,5
4606,Could you implement an improved search system?,feature_request,4
4596,I think the platform would be better with additional export formats.,feature_request,5
732,I keep receiving an error while trying to download a file.,technical,4
1232,The application is not working correctly when I export a report.,technical,4
1635,I cannot access my account after changing my password.,account,4
3937,Where can I find the documentation?,general,3
1211,There is a bug preventing me from generate a document.,technical,4
3269,I do not recognize a charge on my account.,billing,4
1935,I cannot access my account after changing my password.,account,4
554,Something is broken and I cannot open the dashboard.,technical,5
492,Something is broken and I cannot download a file.,technical,4
2963,Why was I charged for this month?,billing,5
2330,I need to update the email address on my profile.,account,4
2196,My account is locked and I cannot sign in.,account,4
3065,I need a copy of my invoice.,billing,4
658,I am getting an error when I try to upload a file.,technical,5
2375,My account is locked and I cannot sign in.,account,4
2226,I forgot my password and cannot access my account.,account,5
4265,Where can I find more information about this product?,general,2
1171,I keep receiving an error while trying to open the dashboard.,technical,5
133,The software freezes when I import data.,technical,5
472,Something is broken and I cannot upload a file.,technical,5
3226,I do not recognize a charge on my account.,billing,5
1406,The application is not working correctly when I import data.,technical,3
2877,My payment was declined.,billing,3
4505,I would like the platform to support advanced reporting.,feature_request,4
4693,Is it possible to add calendar integration?,feature_request,4
2827,I do not recognize a charge on my account.,billing,4
288,I am getting an error when I try to open the dashboard.,technical,4
1870,How can I change my password?,account,4
3115,I was charged twice for my subscription.,billing,4
3626,Can you explain how this works?,general,3
2313,My account is locked and I cannot sign in.,account,4
4924,I want to stop using the service.,cancellation,2
1619,My account is locked and I cannot sign in.,account,5
995,There is a bug preventing me from save a project.,technical,5
1804,I cannot log into my account.,account,4
2643,I need help updating my profile information.,account,4
4803,How can I cancel my account?,cancellation,4
3536,I need a copy of my invoice.,billing,4
4832,Please help me cancel my subscription.,cancellation,5
3912,Can you tell me more about the platform?,general,4
2108,I cannot log into my account.,account,5
3045,I do not recognize a charge on my account.,billing,5
417,The application is not working correctly when I upload a file.,technical,4
978,The software freezes when I open the dashboard.,technical,5
2418,I cannot access my account after changing my password.,account,5
506,There is a bug preventing me from import data.,technical,4
4153,Where can I find the documentation?,general,5
4256,Can you tell me more about the platform?,general,4
3942,Where can I find the documentation?,general,4
415,I keep receiving an error while trying to save a project.,technical,4
4149,Can you explain how this works?,general,4
1184,Something is broken and I cannot save a project.,technical,5
486,There is a bug preventing me from upload a file.,technical,5
894,The system stops working whenever I import data.,technical,4
806,I keep receiving an error while trying to upload a file.,technical,5
556,The software freezes when I open the dashboard.,technical,5
3826,How does the platform work?,general,4
1198,The application crashes when I upload a file.,technical,4
4254,I have a general question about the service.,general,5
4059,I would like more information about your plans.,general,4
1294,I keep receiving an error while trying to import data.,technical,5
2222,I cannot access my account after changing my password.,account,4
3505,I do not recognize a charge on my account.,billing,5
3655,Where can I find the documentation?,general,3
4759,I want to stop using the service.,cancellation,3
3007,I need a copy of my invoice.,billing,3
2094,My account is locked and I cannot sign in.,account,5
2188,I cannot access my account after changing my password.,account,4
3037,I was charged the wrong amount.,billing,5
3919,Can you explain how this works?,general,4
1273,I am getting an error when I try to generate a document.,technical,5
291,The software freezes when I save a project.,technical,4
4828,Please help me cancel my subscription.,cancellation,4
253,The application crashes when I open the dashboard.,technical,3
3246,I was charged twice for my subscription.,billing,3
351,Something is broken and I cannot open the dashboard.,technical,5
1188,I keep receiving an error while trying to generate a document.,technical,5
1962,I cannot access my account after changing my password.,account,5
423,There is a bug preventing me from import data.,technical,5
91,The application is not working correctly when I open a document.,technical,5
3730,I would like more information about your plans.,general,4
2237,How do I change my account permissions?,account,3
671,The software freezes when I save a project.,technical,4
3041,I was charged the wrong amount.,billing,3
27,Something is broken and I cannot save a project.,technical,4
430,I keep receiving an error while trying to upload a file.,technical,5
684,I am getting an error when I try to open the dashboard.,technical,5
4464,Could you implement a mobile application?,feature_request,4
3946,Can you explain how this works?,general,3
3524,I was charged twice for my subscription.,billing,4
1542,I need to update the email address on my profile.,account,5
2032,I forgot my password and cannot access my account.,account,3
2233,How can I change my password?,account,4
4121,Can you give me more information about the service?,general,3
3236,The subscription price on my invoice is incorrect.,billing,4
255,The software freezes when I upload a file.,technical,5
1030,The software freezes when I import data.,technical,5
4393,It would be useful to have an improved search system.,feature_request,3
3801,I would like more information about your plans.,general,5
4311,Please consider adding custom notifications in a future update.,feature_request,3
2510,I cannot log into my account.,account,3
2293,I forgot my password and cannot access my account.,account,5
1324,I am getting an error when I try to generate a document.,technical,5
1551,I forgot my password and cannot access my account.,account,5
4648,I think the platform would be better with a mobile application.,feature_request,4
316,The application is not working correctly when I import data.,technical,5
1243,The software freezes when I open a document.,technical,5
2451,I need to update the email address on my profile.,account,4
1579,I need help updating my profile information.,account,5
4626,I think the platform would be better with custom notifications.,feature_request,4
3117,How can I change my payment method?,billing,5
70,Something is broken and I cannot export a report.,technical,5
860,There is a bug preventing me from save a project.,technical,5
2754,I was charged the wrong amount.,billing,3
1633,How do I change my account permissions?,account,5
1651,I need to update the email address on my profile.,account,5
3861,Can you explain how this works?,general,5
3107,My payment was declined.,billing,4
1075,The software freezes when I import data.,technical,5
4002,Can you tell me more about the platform?,general,3
788,The software freezes when I download a file.,technical,3
2606,I cannot log into my account.,account,3
3631,I have a general question about the service.,general,5
2122,I need to update the email address on my profile.,account,4
1875,My account is locked and I cannot sign in.,account,5
812,There is a bug preventing me from generate a document.,technical,4
388,The software freezes when I generate a document.,technical,4
2883,The subscription price on my invoice is incorrect.,billing,5
1176,The software freezes when I open a document.,technical,4
3198,Why was I charged for this month?,billing,4
2624,I need help updating my profile information.,account,5
1352,The software freezes when I export a report.,technical,5
411,The application is not working correctly when I export a report.,technical,4
4213,Where can I find more information about this product?,general,4
110,There is a bug preventing me from generate a document.,technical,4
4996,How do I terminate my subscription?,cancellation,2
3430,The subscription price on my invoice is incorrect.,billing,5
2810,I was charged twice for my subscription.,billing,4
2595,I need help updating my profile information.,account,4
2837,How can I change my payment method?,billing,3
2373,How do I change my account permissions?,account,4
1236,There is a bug preventing me from download a file.,technical,5
2147,I need to update the email address on my profile.,account,5
4976,I want to close my account and cancel the service.,cancellation,4
600,There is a bug preventing me from export a report.,technical,3
1435,I keep receiving an error while trying to download a file.,technical,4
4997,How can I cancel my account?,cancellation,4
539,The application is not working correctly when I export a report.,technical,5
722,The application crashes when I save a project.,technical,5
4411,Is it possible to add custom notifications?,feature_request,4
1873,I need help updating my profile information.,account,5
2846,How can I change my payment method?,billing,5
2054,How do I change my account permissions?,account,4
2908,I was charged twice for my subscription.,billing,5
2255,I need help updating my profile information.,account,4
3913,Can you explain how this works?,general,5
178,I am getting an error when I try to export a report.,technical,5
2891,I was charged twice for my subscription.,billing,5
3674,I have a general question about the service.,general,2
81,The software freezes when I import data.,technical,5
2562,I cannot log into my account.,account,5
1724,I forgot my password and cannot access my account.,account,5
1618,How can I change my password?,account,3
1655,I need help updating my profile information.,account,5
2329,I need help updating my profile information.,account,5
4614,It would be useful to have an improved search system.,feature_request,4
222,Something is broken and I cannot open a document.,technical,5
94,There is a bug preventing me from import data.,technical,4
2610,I need help updating my profile information.,account,4
3383,I need a copy of my invoice.,billing,5
4416,I would like the platform to support custom notifications.,feature_request,4
1398,The system stops working whenever I open the dashboard.,technical,5
4687,Is it possible to add bulk file uploads?,feature_request,4
1293,The software freezes when I export a report.,technical,5
2165,I need help updating my profile information.,account,4
2940,How can I change my payment method?,billing,5
3669,Where can I find more information about this product?,general,2
813,Something is broken and I cannot open the dashboard.,technical,5
1259,I am getting an error when I try to generate a document.,technical,5
890,I am getting an error when I try to upload a file.,technical,4
1452,The application is not working correctly when I generate a document.,technical,4
3317,The subscription price on my invoice is incorrect.,billing,3
2560,I cannot log into my account.,account,5
3575,I was charged twice for my subscription.,billing,5
2681,I need to update the email address on my profile.,account,4
4652,I think the platform would be better with additional export formats.,feature_request,4
4812,How do I terminate my subscription?,cancellation,5
4680,I would like the platform to support custom notifications.,feature_request,5
2965,How can I change my payment method?,billing,4
2673,How can I change my password?,account,5
562,I keep receiving an error while trying to upload a file.,technical,4
2779,My payment was declined.,billing,5
2949,I need a copy of my invoice.,billing,4
2818,I was charged the wrong amount.,billing,3
2759,I was charged the wrong amount.,billing,3
1757,I cannot log into my account.,account,4
725,The application is not working correctly when I save a project.,technical,5
220,Something is broken and I cannot import data.,technical,4
4140,Can you give me more information about the service?,general,3
3958,Where can I find more information about this product?,general,2
1589,I need to update the email address on my profile.,account,5
3348,Why was I charged for this month?,billing,5
3971,How does the platform work?,general,5
4708,I would like to request a new feature for advanced reporting.,feature_request,3
44,There is a bug preventing me from open a document.,technical,3
3002,I do not recognize a charge on my account.,billing,4
211,The system stops working whenever I export a report.,technical,4
678,Something is broken and I cannot import data.,technical,3
355,The software freezes when I download a file.,technical,5
1434,There is a bug preventing me from open a document.,technical,4
950,There is a bug preventing me from generate a document.,technical,5
2844,I do not recognize a charge on my account.,billing,5
578,There is a bug preventing me from upload a file.,technical,5
3929,Where can I find the documentation?,general,3
545,The system stops working whenever I import data.,technical,5
368,I am getting an error when I try to open a document.,technical,4
1613,I cannot access my account after changing my password.,account,5
3551,I do not recognize a charge on my account.,billing,5
3717,Can you give me more information about the service?,general,3
3780,How does the platform work?,general,5
136,I keep receiving an error while trying to open a document.,technical,5
4481,I think the platform would be better with custom notifications.,feature_request,4
1438,The application crashes when I open the dashboard.,technical,5
48,The software freezes when I export a report.,technical,5
1361,The software freezes when I open the dashboard.,technical,5
735,I am getting an error when I try to generate a document.,technical,4
1535,I cannot access my account after changing my password.,account,5
2005,I need to update the email address on my profile.,account,5
3796,Can you explain how this works?,general,3
2520,I forgot my password and cannot access my account.,account,4
1973,I cannot log into my account.,account,5
997,The application is not working correctly when I open a document.,technical,3
62,I am getting an error when I try to upload a file.,technical,4
1109,The system stops working whenever I import data.,technical,5
2406,I cannot log into my account.,account,4
96,The application crashes when I open a document.,technical,5
479,The application is not working correctly when I upload a file.,technical,4
4360,Could you implement additional export formats?,feature_request,3
4113,Can you explain how this works?,general,2
3708,Where can I find the documentation?,general,4
1102,There is a bug preventing me from import data.,technical,5
2747,How can I change my payment method?,billing,5
2171,I forgot my password and cannot access my account.,account,5
323,I keep receiving an error while trying to open a document.,technical,5
4255,How does the platform work?,general,4
3143,I do not recognize a charge on my account.,billing,3
3538,I do not recognize a charge on my account.,billing,4
4926,I want to cancel my subscription.,cancellation,5
2925,Why was I charged for this month?,billing,3
1150,I am getting an error when I try to download a file.,technical,4
3618,Where can I find more information about this product?,general,3
292,The software freezes when I save a project.,technical,4
3750,Can you explain how this works?,general,4
3587,I was charged twice for my subscription.,billing,5
534,The application is not working correctly when I save a project.,technical,5
3608,How does the platform work?,general,4
2649,How do I change my account permissions?,account,5
4811,I do not want to renew my subscription.,cancellation,4
1984,How do I change my account permissions?,account,4
2933,How can I change my payment method?,billing,5
1537,I need help updating my profile information.,account,4
4535,I would like to request a new feature for custom notifications.,feature_request,5
4173,How does the platform work?,general,3
3361,I do not recognize a charge on my account.,billing,5
3666,I have a general question about the service.,general,5
4006,Where can I find more information about this product?,general,4
3627,I would like more information about your plans.,general,3
587,The system stops working whenever I open the dashboard.,technical,5
3257,The subscription price on my invoice is incorrect.,billing,5
2299,I cannot access my account after changing my password.,account,5
3989,Where can I find the documentation?,general,5
585,There is a bug preventing me from import data.,technical,5
2424,I forgot my password and cannot access my account.,account,4
1392,The software freezes when I export a report.,technical,4
4526,Could you implement dark mode?,feature_request,3
4921,I want to close my account and cancel the service.,cancellation,5
4801,I do not want to renew my subscription.,cancellation,4
3241,I was charged twice for my subscription.,billing,5
4282,I would like more information about your plans.,general,4
3339,I was charged twice for my subscription.,billing,4
3221,How can I change my payment method?,billing,5
2112,I cannot access my account after changing my password.,account,5
1175,The application crashes when I save a project.,technical,5
4863,I would like to cancel my plan.,cancellation,3
3812,I have a general question about the service.,general,4
1868,How do I change my account permissions?,account,5
2615,I cannot log into my account.,account,5
3867,Can you give me more information about the service?,general,4
4886,I want to close my account and cancel the service.,cancellation,4
3779,Can you tell me more about the platform?,general,2
3847,I would like more information about your plans.,general,2
2417,I forgot my password and cannot access my account.,account,4
71,The application crashes when I save a project.,technical,4
4881,I want to cancel my subscription.,cancellation,4
1127,The application is not working correctly when I save a project.,technical,3
4025,How does the platform work?,general,5
3251,How can I change my payment method?,billing,5
3902,Where can I find more information about this product?,general,3
1096,The system stops working whenever I import data.,technical,5
4546,Please consider adding advanced reporting in a future update.,feature_request,3
1213,I am getting an error when I try to download a file.,technical,3
3922,Where can I find more information about this product?,general,3
1426,The software freezes when I generate a document.,technical,4
3067,Why was I charged for this month?,billing,5
4520,I would like the platform to support calendar integration.,feature_request,5
2101,I forgot my password and cannot access my account.,account,3
808,Something is broken and I cannot download a file.,technical,5
4744,I would like to request a new feature for a mobile application.,feature_request,3
3751,Where can I find the documentation?,general,2
1363,The application crashes when I open the dashboard.,technical,4
2318,My account is locked and I cannot sign in.,account,5
4582,It would be useful to have advanced reporting.,feature_request,4
4742,Please consider adding calendar integration in a future update.,feature_request,5
1026,The system stops working whenever I upload a file.,technical,4
3110,I was charged twice for my subscription.,billing,4
2111,I cannot access my account after changing my password.,account,4
1042,The application is not working correctly when I generate a document.,technical,4
1877,I need help updating my profile information.,account,5
882,The software freezes when I open a document.,technical,4
4300,Can you explain how this works?,general,3
1193,The system stops working whenever I save a project.,technical,5
4588,I think the platform would be better with a mobile application.,feature_request,3
4511,Please consider adding custom notifications in a future update.,feature_request,4
3671,How does the platform work?,general,3
625,The application crashes when I generate a document.,technical,5
2797,How can I change my payment method?,billing,4
4292,Can you explain how this works?,general,5
4969,I want to close my account and cancel the service.,cancellation,3
234,Something is broken and I cannot open the dashboard.,technical,4
4567,Please consider adding a mobile application in a future update.,feature_request,5
1663,I need to update the email address on my profile.,account,5
416,Something is broken and I cannot open the dashboard.,technical,5
4247,I have a general question about the service.,general,4
2174,How do I change my account permissions?,account,4
1457,The application crashes when I import data.,technical,3
747,The application is not working correctly when I open the dashboard.,technical,4
18,I keep receiving an error while trying to save a project.,technical,4
1201,The application is not working correctly when I export a report.,technical,5
1700,I need help updating my profile information.,account,5
3254,I was charged twice for my subscription.,billing,5
597,The application is not working correctly when I open the dashboard.,technical,4
3227,The subscription price on my invoice is incorrect.,billing,5
4406,Is it possible to add bulk file uploads?,feature_request,3
4720,It would be useful to have custom notifications.,feature_request,2
1506,I cannot access my account after changing my password.,account,5
1413,I keep receiving an error while trying to download a file.,technical,5
1966,How can I change my password?,account,5
372,The application is not working correctly when I import data.,technical,4
1341,Something is broken and I cannot download a file.,technical,3
599,There is a bug preventing me from export a report.,technical,3
239,The system stops working whenever I open a document.,technical,3
3401,My payment was declined.,billing,5
2068,I forgot my password and cannot access my account.,account,5
811,There is a bug preventing me from generate a document.,technical,3
1095,The system stops working whenever I open a document.,technical,5
4325,Is it possible to add calendar integration?,feature_request,3
4761,How do I terminate my subscription?,cancellation,5
3677,Can you give me more information about the service?,general,4
3465,I was charged twice for my subscription.,billing,5
3104,I need a copy of my invoice.,billing,4
2750,How can I change my payment method?,billing,5
2296,I cannot log into my account.,account,3
4193,Can you give me more information about the service?,general,4
3709,I have a general question about the service.,general,3
3019,The subscription price on my invoice is incorrect.,billing,4
4253,Can you give me more information about the service?,general,3
804,Something is broken and I cannot generate a document.,technical,4
4191,How does the platform work?,general,4
3706,I would like more information about your plans.,general,5
752,The system stops working whenever I generate a document.,technical,3
4645,It would be useful to have calendar integration.,feature_request,4
2532,How can I change my password?,account,3
622,There is a bug preventing me from upload a file.,technical,4
2298,I cannot access my account after changing my password.,account,5
3829,Where can I find more information about this product?,general,5
567,I keep receiving an error while trying to import data.,technical,5
1136,The application is not working correctly when I import data.,technical,5
1205,The application is not working correctly when I upload a file.,technical,5
1048,I keep receiving an error while trying to upload a file.,technical,5
52,I am getting an error when I try to import data.,technical,3
3652,Can you explain how this works?,general,3
1045,Something is broken and I cannot import data.,technical,4
2182,I forgot my password and cannot access my account.,account,4
2689,My account is locked and I cannot sign in.,account,5
535,I am getting an error when I try to save a project.,technical,5
3185,I was charged the wrong amount.,billing,4
3858,I would like more information about your plans.,general,3
444,The system stops working whenever I download a file.,technical,4
3605,Where can I find more information about this product?,general,4
196,The software freezes when I import data.,technical,3
1116,The application crashes when I open a document.,technical,5
766,I am getting an error when I try to open the dashboard.,technical,5
1946,I cannot access my account after changing my password.,account,4
3248,I need a copy of my invoice.,billing,5
3003,My payment was declined.,billing,4
1433,The application is not working correctly when I import data.,technical,5
4201,Where can I find the documentation?,general,4
3096,The subscription price on my invoice is incorrect.,billing,4
2923,I need a copy of my invoice.,billing,4
645,The application crashes when I open a document.,technical,5
1050,The software freezes when I save a project.,technical,5
3746,Can you explain how this works?,general,4
4094,How does the platform work?,general,4
4404,Could you implement calendar integration?,feature_request,3
121,I keep receiving an error while trying to download a file.,technical,5
2053,I cannot log into my account.,account,3
4259,Where can I find the documentation?,general,5
4889,I want to cancel my subscription.,cancellation,3
4335,Could you add dark mode to the application?,feature_request,4
4692,It would be useful to have custom notifications.,feature_request,2
135,The system stops working whenever I open a document.,technical,4
2461,How do I change my account permissions?,account,4
1955,I need help updating my profile information.,account,5
2464,How can I change my password?,account,5
185,The application is not working correctly when I open a document.,technical,5
1393,I keep receiving an error while trying to import data.,technical,5
2277,I cannot access my account after changing my password.,account,5
512,The system stops working whenever I open the dashboard.,technical,5
4730,Please consider adding additional export formats in a future update.,feature_request,4
4055,How does the platform work?,general,4
3138,I was charged the wrong amount.,billing,4
2670,I forgot my password and cannot access my account.,account,5
4774,I want to stop using the service.,cancellation,4
4862,I want to cancel my subscription.,cancellation,3
2118,I forgot my password and cannot access my account.,account,4
252,The application is not working correctly when I download a file.,technical,5
3527,I was charged the wrong amount.,billing,4
3560,The subscription price on my invoice is incorrect.,billing,5
4012,I would like more information about your plans.,general,3
1508,I forgot my password and cannot access my account.,account,5
123,There is a bug preventing me from generate a document.,technical,3
4260,I have a general question about the service.,general,4
3334,Why was I charged for this month?,billing,5
1872,How can I change my password?,account,5
3693,Can you give me more information about the service?,general,4
568,There is a bug preventing me from download a file.,technical,5
1372,There is a bug preventing me from open the dashboard.,technical,5
3186,I need a copy of my invoice.,billing,4
3956,Can you tell me more about the platform?,general,4
1057,Something is broken and I cannot open the dashboard.,technical,4
857,The application is not working correctly when I save a project.,technical,4
3839,Where can I find the documentation?,general,5
2861,I was charged the wrong amount.,billing,4
4770,How do I terminate my subscription?,cancellation,4
777,The software freezes when I open a document.,technical,4
721,I am getting an error when I try to generate a document.,technical,5
2711,How can I change my payment method?,billing,4
2655,I forgot my password and cannot access my account.,account,5
4878,I do not want to renew my subscription.,cancellation,2
603,The system stops working whenever I download a file.,technical,5
3823,Where can I find the documentation?,general,3
1245,I am getting an error when I try to import data.,technical,5
4846,I do not want to renew my subscription.,cancellation,4
4842,How can I cancel my account?,cancellation,3
319,I keep receiving an error while trying to open a document.,technical,5
829,I keep receiving an error while trying to export a report.,technical,5
3264,How can I change my payment method?,billing,3
275,There is a bug preventing me from download a file.,technical,3
2665,How do I change my account permissions?,account,5
550,The system stops working whenever I open a document.,technical,3
3642,Can you explain how this works?,general,3
4054,I would like more information about your plans.,general,5
4893,How can I cancel my account?,cancellation,4
2935,I do not recognize a charge on my account.,billing,5
606,The application crashes when I open a document.,technical,5
897,The application crashes when I export a report.,technical,3
528,I keep receiving an error while trying to save a project.,technical,5
4608,Please consider adding dark mode in a future update.,feature_request,4
2348,My account is locked and I cannot sign in.,account,5
3440,I do not recognize a charge on my account.,billing,4
4999,How can I cancel my account?,cancellation,5
4827,I do not want to renew my subscription.,cancellation,5
3923,Where can I find the documentation?,general,4
299,I keep receiving an error while trying to generate a document.,technical,5
2120,How do I change my account permissions?,account,4
2537,I need help updating my profile information.,account,5
4204,I would like more information about your plans.,general,5
3255,How can I change my payment method?,billing,5
3726,Where can I find the documentation?,general,5
1261,Something is broken and I cannot import data.,technical,4
1559,I forgot my password and cannot access my account.,account,4
3270,I was charged the wrong amount.,billing,5
4047,Where can I find the documentation?,general,5
757,The software freezes when I import data.,technical,4
1011,The application is not working correctly when I download a file.,technical,5
2795,The subscription price on my invoice is incorrect.,billing,5
2906,I was charged the wrong amount.,billing,5
1871,I forgot my password and cannot access my account.,account,5
2230,I forgot my password and cannot access my account.,account,4
1174,The application is not working correctly when I import data.,technical,5
1833,How do I change my account permissions?,account,4
377,The application crashes when I generate a document.,technical,3
3854,I would like more information about your plans.,general,3
3617,Where can I find the documentation?,general,5
799,I keep receiving an error while trying to open a document.,technical,4
379,I keep receiving an error while trying to upload a file.,technical,4
1159,I keep receiving an error while trying to export a report.,technical,4
3820,Can you tell me more about the platform?,general,4
2793,I need a copy of my invoice.,billing,5
2241,How can I change my password?,account,5
4036,Can you explain how this works?,general,5
2663,I need to update the email address on my profile.,account,4
4013,I have a general question about the service.,general,4
2958,My payment was declined.,billing,4
3928,Where can I find the documentation?,general,4
1039,I keep receiving an error while trying to export a report.,technical,3
3260,I need a copy of my invoice.,billing,5
1345,The application crashes when I save a project.,technical,5
2506,I cannot access my account after changing my password.,account,3
1722,I need to update the email address on my profile.,account,5
4664,Could you add additional export formats to the application?,feature_request,5
176,There is a bug preventing me from export a report.,technical,5
4894,Please help me cancel my subscription.,cancellation,3
1910,I forgot my password and cannot access my account.,account,5
46,The system stops working whenever I save a project.,technical,5
3410,Why was I charged for this month?,billing,5
4675,Is it possible to add a mobile application?,feature_request,3
1076,The application crashes when I open the dashboard.,technical,5
2830,I need a copy of my invoice.,billing,5
1505,I cannot log into my account.,account,5
2310,I forgot my password and cannot access my account.,account,5
1437,The system stops working whenever I import data.,technical,4
2419,My account is locked and I cannot sign in.,account,5
3987,I would like more information about your plans.,general,3
3099,Why was I charged for this month?,billing,4
4589,I think the platform would be better with an improved search system.,feature_request,2
284,The software freezes when I import data.,technical,5
4919,I do not want to renew my subscription.,cancellation,3
843,The system stops working whenever I open the dashboard.,technical,5
1514,My account is locked and I cannot sign in.,account,5
1169,Something is broken and I cannot import data.,technical,4
1593,I cannot log into my account.,account,4
3461,I was charged the wrong amount.,billing,4
3166,My payment was declined.,billing,4
2285,I forgot my password and cannot access my account.,account,5
3576,My payment was declined.,billing,5
4871,I would like to cancel my plan.,cancellation,4
2306,I need help updating my profile information.,account,5
953,There is a bug preventing me from upload a file.,technical,5
4943,How can I cancel my account?,cancellation,4
3054,I was charged the wrong amount.,billing,4
4560,Is it possible to add calendar integration?,feature_request,4
2686,How do I change my account permissions?,account,5
1490,I am getting an error when I try to download a file.,technical,4
928,The system stops working whenever I open the dashboard.,technical,5
1210,I keep receiving an error while trying to export a report.,technical,5
3974,I would like more information about your plans.,general,4
3546,Why was I charged for this month?,billing,3
4362,Could you add a mobile application to the application?,feature_request,5
1922,I cannot access my account after changing my password.,account,5
352,I am getting an error when I try to open the dashboard.,technical,5
4899,How can I cancel my account?,cancellation,3
3394,I need a copy of my invoice.,billing,4
2722,I was charged twice for my subscription.,billing,5
4982,I want to close my account and cancel the service.,cancellation,5
719,The application crashes when I export a report.,technical,4
2703,I need a copy of my invoice.,billing,5
2723,My payment was declined.,billing,5
4562,I would like to request a new feature for bulk file uploads.,feature_request,4
309,The application is not working correctly when I save a project.,technical,5
1676,How do I change my account permissions?,account,5
834,Something is broken and I cannot import data.,technical,5
367,Something is broken and I cannot open a document.,technical,3
4507,Is it possible to add bulk file uploads?,feature_request,5
2079,How do I change my account permissions?,account,4
4039,Can you tell me more about the platform?,general,4
4847,Please help me cancel my subscription.,cancellation,5
4480,I think the platform would be better with custom notifications.,feature_request,4
1747,How do I change my account permissions?,account,5
20,I am getting an error when I try to save a project.,technical,5
1323,Something is broken and I cannot export a report.,technical,5
3568,My payment was declined.,billing,4
2522,I cannot access my account after changing my password.,account,5
219,The application crashes when I generate a document.,technical,5
1488,The software freezes when I save a project.,technical,5
439,The application crashes when I import data.,technical,4
4175,Can you tell me more about the platform?,general,3
2751,I was charged twice for my subscription.,billing,5
3289,I do not recognize a charge on my account.,billing,5
3434,The subscription price on my invoice is incorrect.,billing,5
2526,My account is locked and I cannot sign in.,account,5
4651,It would be useful to have a mobile application.,feature_request,5
3689,Can you give me more information about the service?,general,3
2764,I was charged the wrong amount.,billing,5
803,Something is broken and I cannot save a project.,technical,5
2998,I do not recognize a charge on my account.,billing,4
2229,I need help updating my profile information.,account,5
4786,I do not want to renew my subscription.,cancellation,5
2078,I need help updating my profile information.,account,4
583,There is a bug preventing me from download a file.,technical,5
204,I am getting an error when I try to generate a document.,technical,4
4347,I think the platform would be better with additional export formats.,feature_request,4
3479,I need a copy of my invoice.,billing,4
2930,I was charged the wrong amount.,billing,5
3086,I need a copy of my invoice.,billing,4
1019,The software freezes when I export a report.,technical,5
1584,I cannot log into my account.,account,4
1033,The system stops working whenever I open a document.,technical,5
1719,How can I change my password?,account,4
1282,The system stops working whenever I save a project.,technical,4
2499,I need help updating my profile information.,account,5
3351,I was charged the wrong amount.,billing,4
518,I keep receiving an error while trying to import data.,technical,5
1748,I need help updating my profile information.,account,5
4653,I would like to request a new feature for additional export formats.,feature_request,5
3733,Where can I find more information about this product?,general,5
669,The application crashes when I import data.,technical,5
4060,Can you explain how this works?,general,5
3027,I need a copy of my invoice.,billing,4
4933,How can I cancel my account?,cancellation,5
3287,I was charged the wrong amount.,billing,3
2651,I cannot access my account after changing my password.,account,5
4454,Is it possible to add a mobile application?,feature_request,2
3193,How can I change my payment method?,billing,4
2125,I need to update the email address on my profile.,account,5
3376,I do not recognize a charge on my account.,billing,5
3393,The subscription price on my invoice is incorrect.,billing,3
3486,The subscription price on my invoice is incorrect.,billing,4
760,There is a bug preventing me from save a project.,technical,5
3380,Why was I charged for this month?,billing,4
4441,Could you add advanced reporting to the application?,feature_request,5
2527,How do I change my account permissions?,account,5
4859,I want to stop using the service.,cancellation,4
908,The application is not working correctly when I generate a document.,technical,5
2684,I need help updating my profile information.,account,4
215,The application is not working correctly when I upload a file.,technical,5
3332,I was charged twice for my subscription.,billing,5
4459,I think the platform would be better with bulk file uploads.,feature_request,4
694,There is a bug preventing me from open the dashboard.,technical,5
1504,My account is locked and I cannot sign in.,account,5
2415,I need help updating my profile information.,account,5
2119,I need help updating my profile information.,account,5
3859,How does the platform work?,general,4
2463,I cannot log into my account.,account,5
3636,Where can I find the documentation?,general,3
4106,I would like more information about your plans.,general,4
4479,I would like to request a new feature for custom notifications.,feature_request,3
197,I keep receiving an error while trying to save a project.,technical,5
4668,I would like to request a new feature for a mobile application.,feature_request,4
1544,How can I change my password?,account,5
1331,The software freezes when I import data.,technical,5
880,The application is not working correctly when I open a document.,technical,5
4503,Is it possible to add additional export formats?,feature_request,3
3502,I do not recognize a charge on my account.,billing,5
3895,Can you give me more information about the service?,general,4
4991,I want to close my account and cancel the service.,cancellation,3
888,I keep receiving an error while trying to generate a document.,technical,4
1346,Something is broken and I cannot upload a file.,technical,4
69,There is a bug preventing me from save a project.,technical,4
4211,Where can I find the documentation?,general,2
1816,I need to update the email address on my profile.,account,4
569,The application crashes when I upload a file.,technical,4
2168,How do I change my account permissions?,account,4
97,The application is not working correctly when I upload a file.,technical,3
4182,Where can I find more information about this product?,general,2
3354,I do not recognize a charge on my account.,billing,5
140,I am getting an error when I try to open the dashboard.,technical,4
4955,How do I terminate my subscription?,cancellation,3
2603,I forgot my password and cannot access my account.,account,5
4024,Can you explain how this works?,general,4
4773,I want to cancel my subscription.,cancellation,4
1607,I cannot log into my account.,account,3
1630,How can I change my password?,account,4
1540,I cannot access my account after changing my password.,account,3
1695,I cannot log into my account.,account,5
2060,I forgot my password and cannot access my account.,account,3
464,The application is not working correctly when I open the dashboard.,technical,5
2331,I need help updating my profile information.,account,5
3044,My payment was declined.,billing,4
4735,Please consider adding an improved search system in a future update.,feature_request,3
595,The system stops working whenever I generate a document.,technical,3
3815,I have a general question about the service.,general,5
626,There is a bug preventing me from upload a file.,technical,5
451,Something is broken and I cannot open the dashboard.,technical,5
1500,I am getting an error when I try to upload a file.,technical,5
2457,My account is locked and I cannot sign in.,account,5
4723,I would like the platform to support calendar integration.,feature_request,5
2985,I need a copy of my invoice.,billing,4
1570,I need to update the email address on my profile.,account,4
1035,I keep receiving an error while trying to download a file.,technical,4
3519,The subscription price on my invoice is incorrect.,billing,5
1558,My account is locked and I cannot sign in.,account,5
3625,Can you give me more information about the service?,general,3
4665,Is it possible to add advanced reporting?,feature_request,3
151,There is a bug preventing me from generate a document.,technical,5
1421,I am getting an error when I try to export a report.,technical,4
2012,I cannot log into my account.,account,4
2687,My account is locked and I cannot sign in.,account,4
1787,I cannot log into my account.,account,4
89,The system stops working whenever I open the dashboard.,technical,5
458,There is a bug preventing me from open the dashboard.,technical,5
1306,The application is not working correctly when I save a project.,technical,5
2926,I was charged twice for my subscription.,billing,4
3271,I do not recognize a charge on my account.,billing,5
3228,I need a copy of my invoice.,billing,5
1989,I cannot access my account after changing my password.,account,5
3755,Can you tell me more about the platform?,general,4
3647,How does the platform work?,general,5
832,I am getting an error when I try to open a document.,technical,4
240,The application is not working correctly when I generate a document.,technical,4
4682,Could you implement additional export formats?,feature_request,5
3023,I was charged twice for my subscription.,billing,5
3149,How can I change my payment method?,billing,4
1947,I cannot log into my account.,account,3
2776,I do not recognize a charge on my account.,billing,5
193,The application is not working correctly when I import data.,technical,5
4850,I want to cancel my subscription.,cancellation,2
4940,I want to cancel my subscription.,cancellation,5
945,Something is broken and I cannot upload a file.,technical,4
1269,I keep receiving an error while trying to save a project.,technical,5
4232,I would like more information about your plans.,general,4
2308,I forgot my password and cannot access my account.,account,4
4425,I would like to request a new feature for advanced reporting.,feature_request,5
4712,I would like the platform to support additional export formats.,feature_request,4
2314,My account is locked and I cannot sign in.,account,5
3215,My payment was declined.,billing,5
2733,Why was I charged for this month?,billing,5
1927,My account is locked and I cannot sign in.,account,5
4228,Can you tell me more about the platform?,general,5
4677,I think the platform would be better with an improved search system.,feature_request,5
801,The system stops working whenever I download a file.,technical,4
3672,How does the platform work?,general,5
4194,Where can I find more information about this product?,general,3
2969,I need a copy of my invoice.,billing,5
4794,How do I terminate my subscription?,cancellation,4
4369,I would like the platform to support advanced reporting.,feature_request,4
2777,I do not recognize a charge on my account.,billing,4
2971,I need a copy of my invoice.,billing,5
3868,How does the platform work?,general,5
1744,How do I change my account permissions?,account,4
3949,Can you give me more information about the service?,general,2
3803,How does the platform work?,general,3
2025,I forgot my password and cannot access my account.,account,4
2275,How do I change my account permissions?,account,3
100,I am getting an error when I try to open a document.,technical,5
4922,I want to close my account and cancel the service.,cancellation,4
3408,I do not recognize a charge on my account.,billing,4
4246,Where can I find more information about this product?,general,4
4620,Please consider adding additional export formats in a future update.,feature_request,4
4917,I want to stop using the service.,cancellation,4
192,The application is not working correctly when I open the dashboard.,technical,5
4697,It would be useful to have a mobile application.,feature_request,4
1785,I cannot log into my account.,account,5
1533,I need to update the email address on my profile.,account,4
2835,How can I change my payment method?,billing,4
4445,Could you add an improved search system to the application?,feature_request,3
4916,Please help me cancel my subscription.,cancellation,4
1599,How do I change my account permissions?,account,5
1780,How can I change my password?,account,5
4901,I want to stop using the service.,cancellation,3
2575,My account is locked and I cannot sign in.,account,3
3399,I do not recognize a charge on my account.,billing,5
3976,I have a general question about the service.,general,4
3771,Where can I find the documentation?,general,4
167,The application crashes when I open a document.,technical,5
1752,How do I change my account permissions?,account,5
1480,The application crashes when I download a file.,technical,4
1025,The system stops working whenever I export a report.,technical,5
1789,I cannot access my account after changing my password.,account,5
2265,I forgot my password and cannot access my account.,account,3
2474,I need to update the email address on my profile.,account,3
1823,I need help updating my profile information.,account,5
1221,I am getting an error when I try to save a project.,technical,4
1667,I need help updating my profile information.,account,4
2961,The subscription price on my invoice is incorrect.,billing,5
153,I am getting an error when I try to generate a document.,technical,4
2535,I need help updating my profile information.,account,3
4689,Is it possible to add custom notifications?,feature_request,4
1979,I need help updating my profile information.,account,5
1470,There is a bug preventing me from download a file.,technical,4
2808,I do not recognize a charge on my account.,billing,5
2513,How can I change my password?,account,5
2944,I do not recognize a charge on my account.,billing,4
2981,The subscription price on my invoice is incorrect.,billing,5
4823,I would like to cancel my plan.,cancellation,3
3018,My payment was declined.,billing,4
1567,I need help updating my profile information.,account,5
32,The system stops working whenever I download a file.,technical,5
938,I am getting an error when I try to save a project.,technical,4
1216,The system stops working whenever I upload a file.,technical,4
1938,My account is locked and I cannot sign in.,account,5
1130,The application crashes when I open a document.,technical,5
310,The application crashes when I generate a document.,technical,5
4902,I want to close my account and cancel the service.,cancellation,4
2169,I need help updating my profile information.,account,5
3114,Why was I charged for this month?,billing,5
496,The system stops working whenever I generate a document.,technical,4
206,I keep receiving an error while trying to open the dashboard.,technical,5
2674,I need to update the email address on my profile.,account,5
3358,I do not recognize a charge on my account.,billing,5
3831,Can you give me more information about the service?,general,4
306,The application crashes when I open the dashboard.,technical,5
3794,Can you give me more information about the service?,general,2
2202,My account is locked and I cannot sign in.,account,5
1062,There is a bug preventing me from generate a document.,technical,5
844,The software freezes when I export a report.,technical,5
3873,Can you give me more information about the service?,general,3
2252,I forgot my password and cannot access my account.,account,4
212,Something is broken and I cannot generate a document.,technical,5
3998,Can you explain how this works?,general,5
680,The application crashes when I open a document.,technical,4
566,I am getting an error when I try to download a file.,technical,4
3291,The subscription price on my invoice is incorrect.,billing,5
4355,Is it possible to add a mobile application?,feature_request,4
681,There is a bug preventing me from open the dashboard.,technical,4
181,I am getting an error when I try to upload a file.,technical,5
4280,Can you give me more information about the service?,general,3
2496,My account is locked and I cannot sign in.,account,5
2317,My account is locked and I cannot sign in.,account,4
4274,Can you give me more information about the service?,general,4
279,Something is broken and I cannot open a document.,technical,5
3684,I would like more information about your plans.,general,3
4763,Please help me cancel my subscription.,cancellation,5
433,The system stops working whenever I import data.,technical,3
290,The application crashes when I generate a document.,technical,4
1028,The system stops working whenever I generate a document.,technical,4
536,The system stops working whenever I save a project.,technical,5
3632,I would like more information about your plans.,general,4
189,Something is broken and I cannot open a document.,technical,4
2175,How do I change my account permissions?,account,5
3916,Where can I find the documentation?,general,4
1863,My account is locked and I cannot sign in.,account,5
271,The application is not working correctly when I open the dashboard.,technical,5
1729,I need help updating my profile information.,account,5
4076,Can you explain how this works?,general,2
2158,How can I change my password?,account,5
3932,I have a general question about the service.,general,4
112,Something is broken and I cannot export a report.,technical,4
2385,I cannot access my account after changing my password.,account,5
221,The application crashes when I generate a document.,technical,5
628,The application is not working correctly when I open a document.,technical,5
1182,The system stops working whenever I open the dashboard.,technical,3
3382,I was charged twice for my subscription.,billing,5
2423,I cannot access my account after changing my password.,account,5
791,There is a bug preventing me from generate a document.,technical,5
4276,I would like more information about your plans.,general,3
462,I keep receiving an error while trying to open a document.,technical,5
4403,Could you add custom notifications to the application?,feature_request,4
552,The system stops working whenever I import data.,technical,5
3130,I do not recognize a charge on my account.,billing,5
1445,The application is not working correctly when I generate a document.,technical,5
199,The application is not working correctly when I upload a file.,technical,5
2590,My account is locked and I cannot sign in.,account,4
403,I keep receiving an error while trying to open a document.,technical,4
3960,How does the platform work?,general,3
4190,Can you explain how this works?,general,3
4764,I want to close my account and cancel the service.,cancellation,5
2096,I need to update the email address on my profile.,account,3
2901,I was charged twice for my subscription.,billing,5
4463,Could you implement a mobile application?,feature_request,4
651,The system stops working whenever I import data.,technical,4
709,I am getting an error when I try to save a project.,technical,4
1481,The system stops working whenever I generate a document.,technical,5
4415,I would like to request a new feature for calendar integration.,feature_request,4
3066,Why was I charged for this month?,billing,4
2396,How do I change my account permissions?,account,5
1770,How do I change my account permissions?,account,5
315,The application is not working correctly when I open the dashboard.,technical,5
3762,Can you explain how this works?,general,5
4910,I want to cancel my subscription.,cancellation,5
114,There is a bug preventing me from export a report.,technical,3
961,There is a bug preventing me from generate a document.,technical,5
2911,I do not recognize a charge on my account.,billing,5
3406,I do not recognize a charge on my account.,billing,5
1624,How can I change my password?,account,4
3323,The subscription price on my invoice is incorrect.,billing,4
5000,Please help me cancel my subscription.,cancellation,4
1819,How do I change my account permissions?,account,5
3195,I do not recognize a charge on my account.,billing,4
3008,I need a copy of my invoice.,billing,4
3415,I do not recognize a charge on my account.,billing,4
4529,Is it possible to add bulk file uploads?,feature_request,3
1898,I cannot log into my account.,account,5
1919,I need to update the email address on my profile.,account,5
1271,I keep receiving an error while trying to generate a document.,technical,5
4177,I have a general question about the service.,general,3
4963,How do I terminate my subscription?,cancellation,3
4884,Please help me cancel my subscription.,cancellation,2
4095,Where can I find the documentation?,general,5
3160,Why was I charged for this month?,billing,4
1814,I cannot access my account after changing my password.,account,5
2427,My account is locked and I cannot sign in.,account,5
3951,I would like more information about your plans.,general,4
4429,I would like the platform to support advanced reporting.,feature_request,4
2143,How can I change my password?,account,5
1627,I cannot access my account after changing my password.,account,5
790,The software freezes when I upload a file.,technical,5
3787,I would like more information about your plans.,general,3
1865,My account is locked and I cannot sign in.,account,5
2866,My payment was declined.,billing,5
872,I keep receiving an error while trying to save a project.,technical,4
3272,I need a copy of my invoice.,billing,5
3834,Can you give me more information about the service?,general,4
74,Something is broken and I cannot save a project.,technical,4
1753,My account is locked and I cannot sign in.,account,5
1422,I am getting an error when I try to open a document.,technical,3
4222,Where can I find the documentation?,general,5
4694,Please consider adding a mobile application in a future update.,feature_request,4
4370,Please consider adding calendar integration in a future update.,feature_request,2
4576,I think the platform would be better with an improved search system.,feature_request,4
3810,How does the platform work?,general,4
2245,How do I change my account permissions?,account,5
3048,The subscription price on my invoice is incorrect.,billing,4
2446,I forgot my password and cannot access my account.,account,5
495,The software freezes when I open a document.,technical,4
3131,Why was I charged for this month?,billing,4
4322,I would like to request a new feature for advanced reporting.,feature_request,3
4398,I think the platform would be better with advanced reporting.,feature_request,4
1165,Something is broken and I cannot upload a file.,technical,4
3735,I have a general question about the service.,general,5
1731,I need to update the email address on my profile.,account,5
4813,How do I terminate my subscription?,cancellation,4
2403,I cannot access my account after changing my password.,account,5
3404,The subscription price on my invoice is incorrect.,billing,4
619,The software freezes when I download a file.,technical,5
1698,I cannot log into my account.,account,5
3594,The subscription price on my invoice is incorrect.,billing,4
1958,How do I change my account permissions?,account,4
1222,The software freezes when I open a document.,technical,4
2074,I cannot access my account after changing my password.,account,4
3411,My payment was declined.,billing,4
870,I am getting an error when I try to export a report.,technical,5
2719,How can I change my payment method?,billing,4
1043,Something is broken and I cannot open a document.,technical,5
1362,I keep receiving an error while trying to open the dashboard.,technical,5
357,I am getting an error when I try to import data.,technical,5
1163,Something is broken and I cannot open a document.,technical,5
2766,I was charged the wrong amount.,billing,5
3253,The subscription price on my invoice is incorrect.,billing,4
1439,Something is broken and I cannot generate a document.,technical,3
3604,I have a general question about the service.,general,2
4941,I do not want to renew my subscription.,cancellation,4
4594,It would be useful to have additional export formats.,feature_request,4
3640,I would like more information about your plans.,general,3
1254,The software freezes when I open a document.,technical,4
3366,Why was I charged for this month?,billing,4
333,The application is not working correctly when I upload a file.,technical,5
3695,Can you tell me more about the platform?,general,4
3569,I need a copy of my invoice.,billing,5
2729,How can I change my payment method?,billing,5
3668,Can you tell me more about the platform?,general,5
1631,I forgot my password and cannot access my account.,account,4
1117,The application crashes when I upload a file.,technical,5
1850,I cannot access my account after changing my password.,account,4
3555,Why was I charged for this month?,billing,4
3154,My payment was declined.,billing,5
3266,How can I change my payment method?,billing,5
1666,I cannot log into my account.,account,4
446,The application crashes when I download a file.,technical,4
2246,I cannot log into my account.,account,4
453,There is a bug preventing me from save a project.,technical,5
1552,I need to update the email address on my profile.,account,5
4435,It would be useful to have bulk file uploads.,feature_request,4
2955,I was charged twice for my subscription.,billing,5
15,I am getting an error when I try to upload a file.,technical,5
3629,I would like more information about your plans.,general,4
946,The software freezes when I download a file.,technical,5
248,The software freezes when I open the dashboard.,technical,5
4698,I think the platform would be better with custom notifications.,feature_request,4
361,The software freezes when I open a document.,technical,5
4657,Could you implement an improved search system?,feature_request,3
1615,I cannot log into my account.,account,5
2304,I need help updating my profile information.,account,5
4142,I have a general question about the service.,general,4
3169,My payment was declined.,billing,4
2479,I need to update the email address on my profile.,account,5
4215,Can you explain how this works?,general,4
4181,Can you give me more information about the service?,general,4
4885,How can I cancel my account?,cancellation,3
3164,Why was I charged for this month?,billing,5
491,I keep receiving an error while trying to download a file.,technical,5
863,The software freezes when I import data.,technical,5
1741,I cannot access my account after changing my password.,account,4
4100,Can you explain how this works?,general,4
4386,Is it possible to add custom notifications?,feature_request,4
2448,My account is locked and I cannot sign in.,account,3
4231,I have a general question about the service.,general,4
507,The application crashes when I save a project.,technical,5
2678,I forgot my password and cannot access my account.,account,4
2996,I was charged twice for my subscription.,billing,4
1943,I forgot my password and cannot access my account.,account,3
1223,There is a bug preventing me from import data.,technical,4
1114,The application crashes when I download a file.,technical,5
1906,I forgot my password and cannot access my account.,account,5
3424,Why was I charged for this month?,billing,4
1878,I need help updating my profile information.,account,4
4673,Could you implement advanced reporting?,feature_request,5
434,The system stops working whenever I import data.,technical,4
2365,My account is locked and I cannot sign in.,account,5
3155,How can I change my payment method?,billing,4
2836,I was charged the wrong amount.,billing,5
2093,I cannot log into my account.,account,4
3011,I was charged twice for my subscription.,billing,5
3163,My payment was declined.,billing,3
2946,I was charged the wrong amount.,billing,4
3917,Where can I find more information about this product?,general,4
2917,Why was I charged for this month?,billing,5
1103,I keep receiving an error while trying to export a report.,technical,3
1449,The application is not working correctly when I open the dashboard.,technical,4
1721,My account is locked and I cannot sign in.,account,5
4519,Please consider adding advanced reporting in a future update.,feature_request,4
3843,Can you explain how this works?,general,3
157,I am getting an error when I try to download a file.,technical,4
2979,I was charged the wrong amount.,billing,5
1774,I need to update the email address on my profile.,account,5
616,Something is broken and I cannot generate a document.,technical,5
644,I keep receiving an error while trying to open a document.,technical,5
1936,I cannot access my account after changing my password.,account,5
4278,I would like more information about your plans.,general,4
1069,The software freezes when I open a document.,technical,3
4455,I think the platform would be better with dark mode.,feature_request,3
4155,Can you tell me more about the platform?,general,3
4240,I would like more information about your plans.,general,4
4869,How do I terminate my subscription?,cancellation,3
331,The software freezes when I save a project.,technical,5
2058,How can I change my password?,account,4
2647,I cannot access my account after changing my password.,account,5
2192,My account is locked and I cannot sign in.,account,4
623,There is a bug preventing me from open the dashboard.,technical,5
1596,I cannot access my account after changing my password.,account,3
2916,I was charged the wrong amount.,billing,4
4822,I would like to cancel my plan.,cancellation,3
3899,How does the platform work?,general,3
1920,How can I change my password?,account,4
4174,Where can I find more information about this product?,general,4
4478,I would like to request a new feature for calendar integration.,feature_request,4
756,There is a bug preventing me from open the dashboard.,technical,4
519,The application is not working correctly when I generate a document.,technical,5
3804,Where can I find the documentation?,general,2
33,The software freezes when I download a file.,technical,5
2938,My payment was declined.,billing,5
1158,The system stops working whenever I open a document.,technical,5
745,There is a bug preventing me from save a project.,technical,5
1498,The software freezes when I open the dashboard.,technical,5
3460,I do not recognize a charge on my account.,billing,4
3756,How does the platform work?,general,5
2592,I cannot access my account after changing my password.,account,4
784,The system stops working whenever I export a report.,technical,5
3494,The subscription price on my invoice is incorrect.,billing,4
2950,I need a copy of my invoice.,billing,5
230,The application crashes when I open a document.,technical,5
858,The system stops working whenever I save a project.,technical,3
2267,I cannot log into my account.,account,4
4275,Can you give me more information about the service?,general,3
409,I keep receiving an error while trying to import data.,technical,5
171,The software freezes when I generate a document.,technical,5
541,The application is not working correctly when I generate a document.,technical,5
2211,I cannot access my account after changing my password.,account,4
2305,How do I change my account permissions?,account,4
2568,How can I change my password?,account,4
614,Something is broken and I cannot generate a document.,technical,4
2102,I cannot access my account after changing my password.,account,4
1809,I need to update the email address on my profile.,account,5
3439,I do not recognize a charge on my account.,billing,5
1162,I am getting an error when I try to open the dashboard.,technical,4
4226,Where can I find more information about this product?,general,5
3120,I do not recognize a charge on my account.,billing,4
3653,Where can I find the documentation?,general,5
1611,How do I change my account permissions?,account,4
1933,How do I change my account permissions?,account,5
3028,I was charged twice for my subscription.,billing,5
565,The application is not working correctly when I open a document.,technical,4
3572,Why was I charged for this month?,billing,5
4248,Can you give me more information about the service?,general,5
2389,I need help updating my profile information.,account,5
1472,The software freezes when I export a report.,technical,3
2631,I need help updating my profile information.,account,5
1836,How do I change my account permissions?,account,5
4929,How can I cancel my account?,cancellation,4
3476,The subscription price on my invoice is incorrect.,billing,4
1534,How do I change my account permissions?,account,3
4328,I would like the platform to support custom notifications.,feature_request,5
2485,I forgot my password and cannot access my account.,account,3
4208,Where can I find the documentation?,general,2
1173,There is a bug preventing me from upload a file.,technical,4
1428,The system stops working whenever I save a project.,technical,3
326,Something is broken and I cannot generate a document.,technical,5
1052,There is a bug preventing me from upload a file.,technical,4
3320,My payment was declined.,billing,5
4722,Could you implement an improved search system?,feature_request,2
3865,How does the platform work?,general,2
2604,I cannot access my account after changing my password.,account,5
1739,I need to update the email address on my profile.,account,5
1197,I am getting an error when I try to upload a file.,technical,4
621,The system stops working whenever I save a project.,technical,5
1375,There is a bug preventing me from import data.,technical,4
2880,My payment was declined.,billing,4
1190,The application is not working correctly when I import data.,technical,5
329,I am getting an error when I try to open a document.,technical,4
649,The software freezes when I open the dashboard.,technical,5
898,I keep receiving an error while trying to download a file.,technical,5
3883,Where can I find more information about this product?,general,3
1124,I am getting an error when I try to open the dashboard.,technical,4
1892,I cannot access my account after changing my password.,account,5
4644,I would like the platform to support a mobile application.,feature_request,4
4792,I want to stop using the service.,cancellation,3
4530,Could you add an improved search system to the application?,feature_request,2
4235,I have a general question about the service.,general,4
1594,I cannot log into my account.,account,4
3313,I need a copy of my invoice.,billing,5
2548,I need help updating my profile information.,account,5
1546,I cannot access my account after changing my password.,account,3
4337,Please consider adding advanced reporting in a future update.,feature_request,3
1024,Something is broken and I cannot save a project.,technical,5
1972,I cannot access my account after changing my password.,account,5
4989,How can I cancel my account?,cancellation,2
1715,How do I change my account permissions?,account,4
1718,I forgot my password and cannot access my account.,account,4
1478,There is a bug preventing me from import data.,technical,5
810,I am getting an error when I try to upload a file.,technical,5
2851,I was charged the wrong amount.,billing,3
979,The system stops working whenever I import data.,technical,4
4688,Could you implement advanced reporting?,feature_request,5
4896,I would like to cancel my plan.,cancellation,3
1685,How can I change my password?,account,4
4661,Could you add additional export formats to the application?,feature_request,4
1515,How do I change my account permissions?,account,5
2405,I forgot my password and cannot access my account.,account,4
2022,How can I change my password?,account,4
4554,Could you implement calendar integration?,feature_request,3
1768,I cannot access my account after changing my password.,account,4
175,I am getting an error when I try to upload a file.,technical,5
1555,I cannot log into my account.,account,4
4216,Can you give me more information about the service?,general,4
1483,Something is broken and I cannot export a report.,technical,5
4462,Could you add dark mode to the application?,feature_request,5
218,The system stops working whenever I open the dashboard.,technical,4
3915,I would like more information about your plans.,general,3
3721,Where can I find the documentation?,general,2
691,There is a bug preventing me from save a project.,technical,3
2578,My account is locked and I cannot sign in.,account,3
2234,How can I change my password?,account,4
2239,I forgot my password and cannot access my account.,account,5
1107,The application crashes when I generate a document.,technical,5
1790,I need to update the email address on my profile.,account,4
3189,My payment was declined.,billing,4
2437,I need to update the email address on my profile.,account,5
612,I am getting an error when I try to import data.,technical,4
3661,Can you tell me more about the platform?,general,4
3712,Can you explain how this works?,general,3
577,The application crashes when I open the dashboard.,technical,4
2064,I forgot my password and cannot access my account.,account,4
4436,I think the platform would be better with advanced reporting.,feature_request,5
1181,I am getting an error when I try to open the dashboard.,technical,5
889,The system stops working whenever I generate a document.,technical,5
3129,I was charged the wrong amount.,billing,5
1733,I cannot log into my account.,account,5
2664,I need to update the email address on my profile.,account,5
818,The application crashes when I open the dashboard.,technical,4
3278,I was charged the wrong amount.,billing,5
1860,How do I change my account permissions?,account,4
209,The application is not working correctly when I generate a document.,technical,4
294,There is a bug preventing me from open the dashboard.,technical,5
1120,There is a bug preventing me from upload a file.,technical,4
2214,My account is locked and I cannot sign in.,account,4
1610,I cannot log into my account.,account,4
1265,The application is not working correctly when I save a project.,technical,5
991,The application crashes when I upload a file.,technical,4
4198,Can you tell me more about the platform?,general,3
1617,How do I change my account permissions?,account,5
354,The application crashes when I upload a file.,technical,5
4558,Could you implement additional export formats?,feature_request,4
2023,I need to update the email address on my profile.,account,5
3691,Can you give me more information about the service?,general,4
2556,I cannot log into my account.,account,4
3049,I do not recognize a charge on my account.,billing,4
1229,I am getting an error when I try to download a file.,technical,4
260,Something is broken and I cannot open a document.,technical,3
1520,I need help updating my profile information.,account,5
1778,I need help updating my profile information.,account,5
4740,It would be useful to have advanced reporting.,feature_request,5
1771,I cannot access my account after changing my password.,account,4
4354,It would be useful to have additional export formats.,feature_request,5
53,There is a bug preventing me from export a report.,technical,3
3474,I was charged the wrong amount.,billing,3
4684,Could you add a mobile application to the application?,feature_request,4
4412,I think the platform would be better with additional export formats.,feature_request,5
2410,I cannot access my account after changing my password.,account,4
2788,Why was I charged for this month?,billing,4
2345,I need help updating my profile information.,account,5
1034,I am getting an error when I try to generate a document.,technical,5
1098,The system stops working whenever I save a project.,technical,5
544,Something is broken and I cannot open the dashboard.,technical,4
1047,There is a bug preventing me from download a file.,technical,5
1895,I need help updating my profile information.,account,5
4377,I would like the platform to support advanced reporting.,feature_request,2
31,The application crashes when I open a document.,technical,4
726,The software freezes when I import data.,technical,4
4962,I want to stop using the service.,cancellation,3
4719,I would like to request a new feature for bulk file uploads.,feature_request,5
3904,Can you tell me more about the platform?,general,4
1427,The application is not working correctly when I open the dashboard.,technical,5
2498,I cannot access my account after changing my password.,account,4
437,I keep receiving an error while trying to save a project.,technical,5
2471,How do I change my account permissions?,account,5
913,I keep receiving an error while trying to upload a file.,technical,5
4223,Can you give me more information about the service?,general,3
4353,I would like the platform to support a mobile application.,feature_request,5
4513,Could you implement an improved search system?,feature_request,3
4444,Could you implement additional export formats?,feature_request,5
2288,I forgot my password and cannot access my account.,account,4
4598,Could you add an improved search system to the application?,feature_request,4
1239,The application crashes when I save a project.,technical,5
904,The application crashes when I download a file.,technical,3
3621,Can you explain how this works?,general,3
3232,I do not recognize a charge on my account.,billing,5
2860,I need a copy of my invoice.,billing,5
508,I keep receiving an error while trying to import data.,technical,4
3222,I need a copy of my invoice.,billing,5
184,There is a bug preventing me from open a document.,technical,5
1565,My account is locked and I cannot sign in.,account,5
2705,I was charged twice for my subscription.,billing,5
322,The application is not working correctly when I download a file.,technical,5
3564,My payment was declined.,billing,5
1539,I need to update the email address on my profile.,account,4
1838,I forgot my password and cannot access my account.,account,5
2381,I forgot my password and cannot access my account.,account,5
1913,I cannot access my account after changing my password.,account,5
1841,I forgot my password and cannot access my account.,account,5
2116,I cannot log into my account.,account,5
4438,I would like the platform to support custom notifications.,feature_request,3
1147,Something is broken and I cannot open the dashboard.,technical,4
2487,I need help updating my profile information.,account,5
45,Something is broken and I cannot open a document.,technical,5
2155,How do I change my account permissions?,account,5
1527,I cannot access my account after changing my password.,account,4
4856,How can I cancel my account?,cancellation,4
1379,I keep receiving an error while trying to open the dashboard.,technical,5
1766,I cannot access my account after changing my password.,account,5
3013,My payment was declined.,billing,4
414,Something is broken and I cannot import data.,technical,5
4285,Where can I find the documentation?,general,5
1408,There is a bug preventing me from save a project.,technical,5
1659,My account is locked and I cannot sign in.,account,5
802,The system stops working whenever I download a file.,technical,4
1289,I keep receiving an error while trying to open a document.,technical,5
2183,My account is locked and I cannot sign in.,account,5
2589,I cannot log into my account.,account,5
2616,I need to update the email address on my profile.,account,5
2319,I cannot access my account after changing my password.,account,4
257,I keep receiving an error while trying to open the dashboard.,technical,5
4542,Is it possible to add calendar integration?,feature_request,3
1730,How can I change my password?,account,5
1152,The application crashes when I export a report.,technical,5
4145,Can you tell me more about the platform?,general,4
648,The software freezes when I import data.,technical,5
2909,How can I change my payment method?,billing,5
1703,I cannot access my account after changing my password.,account,5
1882,I cannot access my account after changing my password.,account,4
3769,Where can I find more information about this product?,general,3
1316,The system stops working whenever I open the dashboard.,technical,5
2270,I cannot access my account after changing my password.,account,3
1967,I forgot my password and cannot access my account.,account,4
2466,I need to update the email address on my profile.,account,5
3856,How does the platform work?,general,4
1351,The software freezes when I import data.,technical,5
3297,I do not recognize a charge on my account.,billing,5
113,Something is broken and I cannot import data.,technical,4
3134,Why was I charged for this month?,billing,4
264,The system stops working whenever I open the dashboard.,technical,5
1394,The application is not working correctly when I open the dashboard.,technical,4
1879,I need to update the email address on my profile.,account,4
1187,There is a bug preventing me from generate a document.,technical,4
3072,Why was I charged for this month?,billing,4
57,There is a bug preventing me from save a project.,technical,5
1310,The software freezes when I save a project.,technical,5
696,Something is broken and I cannot open the dashboard.,technical,5
2953,I was charged twice for my subscription.,billing,4
1727,How do I change my account permissions?,account,5
2092,I need help updating my profile information.,account,5
3870,I have a general question about the service.,general,3
320,The application crashes when I generate a document.,technical,5
4321,Could you implement bulk file uploads?,feature_request,4
683,The application crashes when I export a report.,technical,5
3842,Where can I find the documentation?,general,5
3214,I do not recognize a charge on my account.,billing,5
2003,I cannot log into my account.,account,4
4783,I want to stop using the service.,cancellation,4
4151,Can you explain how this works?,general,2
287,I am getting an error when I try to download a file.,technical,5
1889,I forgot my password and cannot access my account.,account,5
2338,I cannot log into my account.,account,4
2521,How can I change my password?,account,5
2278,How do I change my account permissions?,account,4
2128,My account is locked and I cannot sign in.,account,4
3500,I was charged twice for my subscription.,billing,4
4212,How does the platform work?,general,5
2084,I need to update the email address on my profile.,account,5
737,I am getting an error when I try to open a document.,technical,3
4802,How can I cancel my account?,cancellation,4
337,The application is not working correctly when I export a report.,technical,5
2597,I cannot log into my account.,account,3
2772,I was charged the wrong amount.,billing,5
3705,Can you tell me more about the platform?,general,4
4405,I think the platform would be better with bulk file uploads.,feature_request,3
1072,The application is not working correctly when I import data.,technical,5
2291,I need to update the email address on my profile.,account,4
1673,I need help updating my profile information.,account,3
4084,Can you explain how this works?,general,5
4251,Where can I find more information about this product?,general,2
4114,I would like more information about your plans.,general,3
4409,I would like to request a new feature for dark mode.,feature_request,3
3367,I was charged twice for my subscription.,billing,4
1489,I keep receiving an error while trying to export a report.,technical,4
499,The software freezes when I save a project.,technical,5
4383,It would be useful to have custom notifications.,feature_request,4
3480,I was charged the wrong amount.,billing,5
2582,I forgot my password and cannot access my account.,account,4
3124,My payment was declined.,billing,5
2922,I need a copy of my invoice.,billing,5
4378,I would like the platform to support calendar integration.,feature_request,3
2645,How do I change my account permissions?,account,5
4287,I have a general question about the service.,general,5
4041,Can you tell me more about the platform?,general,3
2035,I need help updating my profile information.,account,5
1023,The application crashes when I save a project.,technical,4
2283,How can I change my password?,account,5
4887,How do I terminate my subscription?,cancellation,5
4220,Can you explain how this works?,general,3
3064,I was charged the wrong amount.,billing,4
4366,Could you implement calendar integration?,feature_request,2
666,The system stops working whenever I export a report.,technical,4
3933,Where can I find more information about this product?,general,4
2639,I forgot my password and cannot access my account.,account,5
3177,The subscription price on my invoice is incorrect.,billing,5
4266,I would like more information about your plans.,general,4
3122,Why was I charged for this month?,billing,3
1018,I am getting an error when I try to open a document.,technical,5
558,The application is not working correctly when I open the dashboard.,technical,5
2400,I forgot my password and cannot access my account.,account,5
1208,The application is not working correctly when I export a report.,technical,5
2006,I need help updating my profile information.,account,5
2657,I need to update the email address on my profile.,account,5
2136,My account is locked and I cannot sign in.,account,5
1511,I need to update the email address on my profile.,account,4
1737,How do I change my account permissions?,account,4
246,The system stops working whenever I open the dashboard.,technical,5
1164,Something is broken and I cannot import data.,technical,4
3363,The subscription price on my invoice is incorrect.,billing,4
267,The system stops working whenever I download a file.,technical,4
2367,I need help updating my profile information.,account,5
1115,The application is not working correctly when I upload a file.,technical,5
64,There is a bug preventing me from open the dashboard.,technical,4
2593,I forgot my password and cannot access my account.,account,5
2789,How can I change my payment method?,billing,4
2758,My payment was declined.,billing,4
3012,Why was I charged for this month?,billing,5
3077,I do not recognize a charge on my account.,billing,5
2999,I do not recognize a charge on my account.,billing,4
2816,Why was I charged for this month?,billing,5
2260,I forgot my password and cannot access my account.,account,4
4959,How do I terminate my subscription?,cancellation,4
3205,I was charged twice for my subscription.,billing,5
1238,I keep receiving an error while trying to upload a file.,technical,3
104,The application crashes when I import data.,technical,4
2644,I need to update the email address on my profile.,account,5
273,The software freezes when I open the dashboard.,technical,5
509,I am getting an error when I try to save a project.,technical,5
2227,How do I change my account permissions?,account,5
4934,I would like to cancel my plan.,cancellation,4
2442,I cannot log into my account.,account,5
866,The application is not working correctly when I upload a file.,technical,5
3327,The subscription price on my invoice is incorrect.,billing,4
909,There is a bug preventing me from open the dashboard.,technical,4
2115,How do I change my account permissions?,account,5
3897,Where can I find the documentation?,general,3
1628,How can I change my password?,account,4
2874,The subscription price on my invoice is incorrect.,billing,4
1523,My account is locked and I cannot sign in.,account,5
836,I keep receiving an error while trying to open a document.,technical,5
359,I keep receiving an error while trying to download a file.,technical,5
139,There is a bug preventing me from open the dashboard.,technical,5
300,The software freezes when I generate a document.,technical,5
1557,I need to update the email address on my profile.,account,4
1004,The application is not working correctly when I generate a document.,technical,4
383,I keep receiving an error while trying to save a project.,technical,4
942,I am getting an error when I try to upload a file.,technical,5
4447,Could you implement calendar integration?,feature_request,4
4855,I want to stop using the service.,cancellation,3
762,There is a bug preventing me from open the dashboard.,technical,5
1706,How do I change my account permissions?,account,3
1874,How can I change my password?,account,3
2551,I forgot my password and cannot access my account.,account,5
2087,I need to update the email address on my profile.,account,4
2198,How do I change my account permissions?,account,4
899,The system stops working whenever I upload a file.,technical,5
4000,Where can I find more information about this product?,general,4
3616,Where can I find more information about this product?,general,4
1403,The application is not working correctly when I open the dashboard.,technical,5
3874,How does the platform work?,general,4
3786,I have a general question about the service.,general,5
4387,Could you add calendar integration to the application?,feature_request,5
2956,Why was I charged for this month?,billing,4
1513,How can I change my password?,account,5
1189,The system stops working whenever I save a project.,technical,4
2990,How can I change my payment method?,billing,4
2081,How can I change my password?,account,5
4984,How can I cancel my account?,cancellation,5
3438,I do not recognize a charge on my account.,billing,5
109,I keep receiving an error while trying to download a file.,technical,5
4699,I would like the platform to support advanced reporting.,feature_request,4
2828,The subscription price on my invoice is incorrect.,billing,5
4748,Please consider adding advanced reporting in a future update.,feature_request,5
59,The software freezes when I export a report.,technical,3
77,Something is broken and I cannot save a project.,technical,3
797,Something is broken and I cannot save a project.,technical,5
369,I keep receiving an error while trying to save a project.,technical,5
4906,I want to cancel my subscription.,cancellation,4
786,Something is broken and I cannot export a report.,technical,5
2089,How can I change my password?,account,5
2315,I cannot access my account after changing my password.,account,5
3385,I was charged the wrong amount.,billing,5
3606,Can you tell me more about the platform?,general,5
4112,Where can I find the documentation?,general,3
1903,I cannot access my account after changing my password.,account,5
1704,I need to update the email address on my profile.,account,3
122,I am getting an error when I try to download a file.,technical,5
1845,My account is locked and I cannot sign in.,account,4
2370,I forgot my password and cannot access my account.,account,5
3729,How does the platform work?,general,2
911,There is a bug preventing me from save a project.,technical,3
125,There is a bug preventing me from import data.,technical,4
2573,I need to update the email address on my profile.,account,5
1587,I forgot my password and cannot access my account.,account,4
1258,The application crashes when I open the dashboard.,technical,5
3442,I need a copy of my invoice.,billing,5
3481,I was charged the wrong amount.,billing,4
4109,I would like more information about your plans.,general,2
1179,There is a bug preventing me from import data.,technical,4
3464,I need a copy of my invoice.,billing,5
3470,Why was I charged for this month?,billing,4
3468,How can I change my payment method?,billing,4
2104,I cannot log into my account.,account,5
443,I am getting an error when I try to upload a file.,technical,5
2228,My account is locked and I cannot sign in.,account,5
4417,I would like to request a new feature for a mobile application.,feature_request,4
926,There is a bug preventing me from open a document.,technical,5
4021,Where can I find more information about this product?,general,3
2146,I forgot my password and cannot access my account.,account,3
4771,I want to close my account and cancel the service.,cancellation,3
1412,The system stops working whenever I save a project.,technical,5
3467,I was charged twice for my subscription.,billing,5
2073,I need to update the email address on my profile.,account,5
1510,I need to update the email address on my profile.,account,5
1228,I keep receiving an error while trying to download a file.,technical,5
4073,How does the platform work?,general,4
2586,I cannot access my account after changing my password.,account,5
4451,Could you add a mobile application to the application?,feature_request,4
2952,My payment was declined.,billing,4
3886,Can you tell me more about the platform?,general,5
325,I keep receiving an error while trying to export a report.,technical,5
3978,Where can I find the documentation?,general,5
3577,My payment was declined.,billing,5
2212,I need help updating my profile information.,account,5
3299,The subscription price on my invoice is incorrect.,billing,5
3036,How can I change my payment method?,billing,5
1499,The application is not working correctly when I upload a file.,technical,4
1503,I cannot log into my account.,account,4
1007,The application crashes when I download a file.,technical,3
4180,I would like more information about your plans.,general,5
3014,My payment was declined.,billing,5
3517,My payment was declined.,billing,4
1468,The application is not working correctly when I export a report.,technical,4
1226,I keep receiving an error while trying to open the dashboard.,technical,4
3168,I was charged the wrong amount.,billing,4
2268,I cannot log into my account.,account,5
3809,Can you give me more information about the service?,general,5
1217,I keep receiving an error while trying to upload a file.,technical,5
3977,Can you tell me more about the platform?,general,5
4585,It would be useful to have an improved search system.,feature_request,3
421,I am getting an error when I try to download a file.,technical,5
3423,The subscription price on my invoice is incorrect.,billing,5
7,The application is not working correctly when I upload a file.,technical,5
933,I keep receiving an error while trying to save a project.,technical,3
1692,I need help updating my profile information.,account,4
440,There is a bug preventing me from import data.,technical,5
1314,The system stops working whenever I open a document.,technical,3
679,There is a bug preventing me from upload a file.,technical,4
1944,I forgot my password and cannot access my account.,account,5
4611,I would like the platform to support bulk file uploads.,feature_request,4
3304,Why was I charged for this month?,billing,5
2269,I cannot log into my account.,account,5
4634,Please consider adding an improved search system in a future update.,feature_request,4
4081,Where can I find the documentation?,general,4
2519,My account is locked and I cannot sign in.,account,4
2440,I cannot log into my account.,account,5
4038,Can you give me more information about the service?,general,4
1894,I cannot log into my account.,account,5
4245,Can you give me more information about the service?,general,3
4830,How do I terminate my subscription?,cancellation,5
2641,My account is locked and I cannot sign in.,account,3
195,There is a bug preventing me from open the dashboard.,technical,5
1475,There is a bug preventing me from save a project.,technical,5
4617,Is it possible to add calendar integration?,feature_request,2
1212,I am getting an error when I try to save a project.,technical,5
2439,How do I change my account permissions?,account,5
1658,My account is locked and I cannot sign in.,account,5
2701,I was charged twice for my subscription.,billing,5
3083,I was charged the wrong amount.,billing,4
2706,Why was I charged for this month?,billing,5
4227,Where can I find more information about this product?,general,5
2843,I do not recognize a charge on my account.,billing,5
2303,I forgot my password and cannot access my account.,account,5
1131,Something is broken and I cannot save a project.,technical,5
1462,I am getting an error when I try to export a report.,technical,4
277,The system stops working whenever I open the dashboard.,technical,5
2223,I need help updating my profile information.,account,5
2332,I cannot access my account after changing my password.,account,5
4323,Is it possible to add additional export formats?,feature_request,2
1303,The application crashes when I save a project.,technical,5
2518,How do I change my account permissions?,account,5
223,The software freezes when I open the dashboard.,technical,3
2037,I cannot access my account after changing my password.,account,5
1925,I cannot access my account after changing my password.,account,5
574,Something is broken and I cannot generate a document.,technical,5
1237,I am getting an error when I try to save a project.,technical,3
3545,My payment was declined.,billing,5
2134,I forgot my password and cannot access my account.,account,4
1335,I keep receiving an error while trying to download a file.,technical,5
2458,How do I change my account permissions?,account,5
419,The application crashes when I upload a file.,technical,4
4915,How do I terminate my subscription?,cancellation,4
1105,I keep receiving an error while trying to generate a document.,technical,4
258,The application crashes when I export a report.,technical,4
296,The application is not working correctly when I open the dashboard.,technical,4
2362,I forgot my password and cannot access my account.,account,4
387,The software freezes when I open the dashboard.,technical,5
3309,I was charged the wrong amount.,billing,5
4014,Can you explain how this works?,general,4
2232,How can I change my password?,account,5
2555,I cannot access my account after changing my password.,account,5
4336,Could you implement calendar integration?,feature_request,3
3516,I need a copy of my invoice.,billing,5
1840,I need help updating my profile information.,account,4
4385,I would like to request a new feature for bulk file uploads.,feature_request,3
1564,I cannot access my account after changing my password.,account,3
2016,How can I change my password?,account,5
1401,The application crashes when I download a file.,technical,3
713,There is a bug preventing me from generate a document.,technical,5
2421,How can I change my password?,account,4
2620,I need to update the email address on my profile.,account,3
210,I am getting an error when I try to export a report.,technical,4
4945,I would like to cancel my plan.,cancellation,4
1290,The application is not working correctly when I generate a document.,technical,5
450,There is a bug preventing me from import data.,technical,5
4092,Where can I find more information about this product?,general,5
2570,I cannot access my account after changing my password.,account,5
1821,I cannot log into my account.,account,3
959,Something is broken and I cannot import data.,technical,5
1794,How can I change my password?,account,4
4787,I do not want to renew my subscription.,cancellation,5
655,The software freezes when I download a file.,technical,5
2408,My account is locked and I cannot sign in.,account,4
3853,I would like more information about your plans.,general,5
1996,How can I change my password?,account,3
1761,I cannot log into my account.,account,4
2355,How do I change my account permissions?,account,4
2742,I was charged the wrong amount.,billing,5
2618,How can I change my password?,account,5
412,The system stops working whenever I open a document.,technical,4
1775,I need help updating my profile information.,account,5
3979,Can you tell me more about the platform?,general,3
2187,I need to update the email address on my profile.,account,5
2380,I forgot my password and cannot access my account.,account,5
3964,Where can I find the documentation?,general,5
4312,Could you implement a mobile application?,feature_request,3
4775,I want to close my account and cancel the service.,cancellation,5
3703,I have a general question about the service.,general,4
3973,Where can I find the documentation?,general,5
4766,I would like to cancel my plan.,cancellation,3
3559,I do not recognize a charge on my account.,billing,4
4111,Can you explain how this works?,general,5
3498,My payment was declined.,billing,3
3766,Can you give me more information about the service?,general,3
431,I keep receiving an error while trying to open a document.,technical,4
4485,I think the platform would be better with calendar integration.,feature_request,4
2322,I need to update the email address on my profile.,account,5
1367,The application crashes when I generate a document.,technical,4
1993,I forgot my password and cannot access my account.,account,5
2852,I was charged twice for my subscription.,billing,5
1177,There is a bug preventing me from export a report.,technical,4
3529,I need a copy of my invoice.,billing,5
1477,The system stops working whenever I open a document.,technical,4
3741,I would like more information about your plans.,general,2
2046,I forgot my password and cannot access my account.,account,5
103,The application is not working correctly when I import data.,technical,5
4332,It would be useful to have additional export formats.,feature_request,5
2993,I was charged the wrong amount.,billing,4
1264,Something is broken and I cannot import data.,technical,5
2882,My payment was declined.,billing,5
3139,My payment was declined.,billing,5
3623,Can you explain how this works?,general,4
3204,My payment was declined.,billing,4
4279,I would like more information about your plans.,general,4
3300,I was charged twice for my subscription.,billing,4
4994,I want to close my account and cancel the service.,cancellation,4
3634,Where can I find more information about this product?,general,3
1644,I need help updating my profile information.,account,5
4506,I would like to request a new feature for dark mode.,feature_request,4
1,I am getting an error when I try to upload a file.,technical,5
1581,I need to update the email address on my profile.,account,4
4423,I think the platform would be better with advanced reporting.,feature_request,3
4117,Where can I find more information about this product?,general,2
1357,The application crashes when I generate a document.,technical,4
4202,How does the platform work?,general,5
4575,I think the platform would be better with advanced reporting.,feature_request,5
3734,Where can I find more information about this product?,general,5
2026,My account is locked and I cannot sign in.,account,4
2219,I cannot log into my account.,account,4
397,I keep receiving an error while trying to open a document.,technical,4
4942,I would like to cancel my plan.,cancellation,4
1065,The application crashes when I export a report.,technical,4
3081,I was charged twice for my subscription.,billing,5
2154,I cannot access my account after changing my password.,account,4
819,I am getting an error when I try to open the dashboard.,technical,5
1813,I need help updating my profile information.,account,3
2553,I need help updating my profile information.,account,5
1553,I cannot log into my account.,account,5
4048,Can you explain how this works?,general,4
817,I am getting an error when I try to export a report.,technical,4
1573,I forgot my password and cannot access my account.,account,4
4553,Is it possible to add dark mode?,feature_request,3
1801,How do I change my account permissions?,account,5
4288,Where can I find the documentation?,general,4
382,There is a bug preventing me from download a file.,technical,4
2875,I was charged the wrong amount.,billing,5
4348,It would be useful to have an improved search system.,feature_request,4
4627,It would be useful to have custom notifications.,feature_request,4
3504,Why was I charged for this month?,billing,4
2312,I need to update the email address on my profile.,account,4
1781,I forgot my password and cannot access my account.,account,5
2727,My payment was declined.,billing,4
2438,How can I change my password?,account,4
2334,I cannot log into my account.,account,5
865,I am getting an error when I try to export a report.,technical,5
3639,Where can I find the documentation?,general,4
3165,Why was I charged for this month?,billing,3
555,The application is not working correctly when I open the dashboard.,technical,3
1160,The application is not working correctly when I upload a file.,technical,5
1214,The application is not working correctly when I generate a document.,technical,4
3761,I would like more information about your plans.,general,4
4214,I have a general question about the service.,general,5
49,There is a bug preventing me from generate a document.,technical,4
2368,How do I change my account permissions?,account,4
701,The software freezes when I save a project.,technical,5
653,There is a bug preventing me from upload a file.,technical,5
3934,Where can I find more information about this product?,general,4
4410,I would like to request a new feature for additional export formats.,feature_request,2
3312,I was charged twice for my subscription.,billing,5
749,The application is not working correctly when I open the dashboard.,technical,5
1456,Something is broken and I cannot import data.,technical,5
4196,Where can I find the documentation?,general,5
2390,How can I change my password?,account,5
3495,I do not recognize a charge on my account.,billing,5
867,The application is not working correctly when I export a report.,technical,5
753,The software freezes when I import data.,technical,5
1645,How do I change my account permissions?,account,4
93,I am getting an error when I try to save a project.,technical,4
4825,I want to cancel my subscription.,cancellation,5
3102,I was charged twice for my subscription.,billing,5
2433,I cannot log into my account.,account,5
2630,My account is locked and I cannot sign in.,account,5
1491,Something is broken and I cannot save a project.,technical,5
2896,I was charged twice for my subscription.,billing,4
2178,How can I change my password?,account,5
730,The software freezes when I import data.,technical,3
4760,I do not want to renew my subscription.,cancellation,2
2472,How can I change my password?,account,4
2243,I cannot access my account after changing my password.,account,4
1937,I cannot access my account after changing my password.,account,5
1746,I need to update the email address on my profile.,account,4
4747,Could you implement additional export formats?,feature_request,5
4374,Please consider adding bulk file uploads in a future update.,feature_request,5
3492,Why was I charged for this month?,billing,4
1111,The system stops working whenever I download a file.,technical,3
3338,My payment was declined.,billing,5
4033,How does the platform work?,general,5
4472,Could you implement dark mode?,feature_request,3
4158,I would like more information about your plans.,general,4
347,The application crashes when I save a project.,technical,3
1186,I keep receiving an error while trying to download a file.,technical,4
4007,I have a general question about the service.,general,3
1516,My account is locked and I cannot sign in.,account,5
4670,I would like to request a new feature for calendar integration.,feature_request,3
579,The system stops working whenever I download a file.,technical,4
1965,I need to update the email address on my profile.,account,5
76,The application crashes when I import data.,technical,3
1430,Something is broken and I cannot generate a document.,technical,5
3713,Where can I find more information about this product?,general,2
4431,Could you add additional export formats to the application?,feature_request,4
2752,I do not recognize a charge on my account.,billing,4
4953,I want to stop using the service.,cancellation,3
1847,How can I change my password?,account,5
132,The application crashes when I generate a document.,technical,4
179,The application is not working correctly when I import data.,technical,4
2900,The subscription price on my invoice is incorrect.,billing,3
4467,Please consider adding calendar integration in a future update.,feature_request,4
4195,How does the platform work?,general,5
2523,My account is locked and I cannot sign in.,account,4
1843,My account is locked and I cannot sign in.,account,3
2099,How can I change my password?,account,4
3950,Where can I find more information about this product?,general,5
2374,I cannot access my account after changing my password.,account,4
605,The application is not working correctly when I import data.,technical,4
2628,My account is locked and I cannot sign in.,account,3
26,Something is broken and I cannot download a file.,technical,5
659,The software freezes when I upload a file.,technical,4
4978,I want to close my account and cancel the service.,cancellation,5
3318,How can I change my payment method?,billing,4
3869,Where can I find the documentation?,general,3
174,The application crashes when I import data.,technical,4
1612,I cannot access my account after changing my password.,account,4
438,I am getting an error when I try to download a file.,technical,5
332,I am getting an error when I try to open the dashboard.,technical,5
3101,My payment was declined.,billing,4
1455,I keep receiving an error while trying to download a file.,technical,4
343,There is a bug preventing me from import data.,technical,5
3210,Why was I charged for this month?,billing,4
4577,Could you add additional export formats to the application?,feature_request,3
1089,I am getting an error when I try to open the dashboard.,technical,5
480,I am getting an error when I try to import data.,technical,4
728,I keep receiving an error while trying to upload a file.,technical,3
3784,Where can I find the documentation?,general,5
977,I keep receiving an error while trying to save a project.,technical,5
3785,Can you tell me more about the platform?,general,3
2978,How can I change my payment method?,billing,5
1929,My account is locked and I cannot sign in.,account,3
1469,The application crashes when I export a report.,technical,5
1225,Something is broken and I cannot upload a file.,technical,4
2857,I was charged twice for my subscription.,billing,4
1953,How can I change my password?,account,5
4831,Please help me cancel my subscription.,cancellation,5
4501,I think the platform would be better with calendar integration.,feature_request,3
1893,How do I change my account permissions?,account,5
1300,I keep receiving an error while trying to open a document.,technical,5
2991,I was charged twice for my subscription.,billing,5
4600,Is it possible to add bulk file uploads?,feature_request,5
661,Something is broken and I cannot upload a file.,technical,4
4578,It would be useful to have additional export formats.,feature_request,5
4074,Can you explain how this works?,general,4
2785,How can I change my payment method?,billing,4
4938,I do not want to renew my subscription.,cancellation,4
3828,I would like more information about your plans.,general,4
2715,Why was I charged for this month?,billing,3
4658,Could you implement a mobile application?,feature_request,5
268,The system stops working whenever I open a document.,technical,4
4443,I would like to request a new feature for additional export formats.,feature_request,2
4960,Please help me cancel my subscription.,cancellation,5
3373,I was charged the wrong amount.,billing,5
3596,The subscription price on my invoice is incorrect.,billing,4
4317,I would like to request a new feature for dark mode.,feature_request,5
3723,Where can I find the documentation?,general,5
3407,The subscription price on my invoice is incorrect.,billing,3
1279,There is a bug preventing me from generate a document.,technical,4
4641,Is it possible to add bulk file uploads?,feature_request,3
3918,Can you give me more information about the service?,general,5
2679,How do I change my account permissions?,account,4
1622,I cannot access my account after changing my password.,account,5
4104,Can you tell me more about the platform?,general,4
2858,My payment was declined.,billing,3
1897,I cannot access my account after changing my password.,account,4
3925,Where can I find more information about this product?,general,3
3015,I was charged the wrong amount.,billing,5
4439,I would like to request a new feature for bulk file uploads.,feature_request,3
68,The application crashes when I open a document.,technical,5
2043,I cannot access my account after changing my password.,account,4
2581,How can I change my password?,account,5
3783,I would like more information about your plans.,general,2
3791,Can you tell me more about the platform?,general,5
821,I keep receiving an error while trying to download a file.,technical,4
1227,There is a bug preventing me from upload a file.,technical,5
2992,How can I change my payment method?,billing,4
3133,The subscription price on my invoice is incorrect.,billing,5
2744,I do not recognize a charge on my account.,billing,5
4458,Could you implement bulk file uploads?,feature_request,5
4270,I have a general question about the service.,general,3
3350,I do not recognize a charge on my account.,billing,4
1144,Something is broken and I cannot download a file.,technical,5
398,The application crashes when I download a file.,technical,3
2907,I do not recognize a charge on my account.,billing,4
4302,Is it possible to add custom notifications?,feature_request,4
2760,How can I change my payment method?,billing,3
1399,The system stops working whenever I download a file.,technical,5
1660,I cannot log into my account.,account,5
980,The system stops working whenever I download a file.,technical,4
1299,I am getting an error when I try to export a report.,technical,4
3556,I was charged twice for my subscription.,billing,5
83,The software freezes when I save a project.,technical,5
4508,Please consider adding dark mode in a future update.,feature_request,4
2459,I forgot my password and cannot access my account.,account,5
3740,Where can I find the documentation?,general,4
3782,Where can I find the documentation?,general,4
2289,How do I change my account permissions?,account,5
424,The system stops working whenever I upload a file.,technical,5
4340,I think the platform would be better with calendar integration.,feature_request,2
1905,I forgot my password and cannot access my account.,account,4
4539,I would like to request a new feature for custom notifications.,feature_request,5
3353,The subscription price on my invoice is incorrect.,billing,5
3103,I do not recognize a charge on my account.,billing,4
1566,How can I change my password?,account,5
3356,I was charged the wrong amount.,billing,4
840,The system stops working whenever I open the dashboard.,technical,5
501,I keep receiving an error while trying to download a file.,technical,4
142,There is a bug preventing me from save a project.,technical,5
1378,The application crashes when I open the dashboard.,technical,4
3698,I would like more information about your plans.,general,5
2145,I cannot log into my account.,account,4
1139,The system stops working whenever I save a project.,technical,4
2928,My payment was declined.,billing,5
1788,I cannot access my account after changing my password.,account,3
3485,I need a copy of my invoice.,billing,3
551,The software freezes when I download a file.,technical,4
4907,How do I terminate my subscription?,cancellation,4
2020,I need to update the email address on my profile.,account,4
949,Something is broken and I cannot save a project.,technical,3
2601,I cannot access my account after changing my password.,account,4
533,The application is not working correctly when I open a document.,technical,4
1830,My account is locked and I cannot sign in.,account,4
2918,I was charged twice for my subscription.,billing,4
4419,I would like the platform to support dark mode.,feature_request,5
3872,I would like more information about your plans.,general,5
1603,I forgot my password and cannot access my account.,account,5
640,The software freezes when I open the dashboard.,technical,5
4833,I want to cancel my subscription.,cancellation,3
968,Something is broken and I cannot generate a document.,technical,4
4238,Can you give me more information about the service?,general,4
2698,How can I change my password?,account,4
1684,My account is locked and I cannot sign in.,account,5
4471,Is it possible to add a mobile application?,feature_request,3
2343,I forgot my password and cannot access my account.,account,5
156,The software freezes when I save a project.,technical,5
2488,I need help updating my profile information.,account,4
4642,Is it possible to add custom notifications?,feature_request,3
1090,I am getting an error when I try to download a file.,technical,5
2656,I need help updating my profile information.,account,4
4241,How does the platform work?,general,3
289,The application is not working correctly when I upload a file.,technical,3
931,The application is not working correctly when I open a document.,technical,3
2536,How do I change my account permissions?,account,5
4029,Can you tell me more about the platform?,general,4
3372,Why was I charged for this month?,billing,3
4622,Could you add additional export formats to the application?,feature_request,5
3292,The subscription price on my invoice is incorrect.,billing,5
943,There is a bug preventing me from open the dashboard.,technical,5
3860,I would like more information about your plans.,general,5
4663,I would like the platform to support advanced reporting.,feature_request,3
1699,I need help updating my profile information.,account,4
4709,Could you add advanced reporting to the application?,feature_request,4
3201,I was charged the wrong amount.,billing,5
4602,Could you add a mobile application to the application?,feature_request,2
4609,It would be useful to have custom notifications.,feature_request,4
986,There is a bug preventing me from import data.,technical,5
3319,My payment was declined.,billing,5
2868,I was charged twice for my subscription.,billing,5
4057,I would like more information about your plans.,general,4
4778,How do I terminate my subscription?,cancellation,5
982,The application crashes when I download a file.,technical,5
2493,I need to update the email address on my profile.,account,5
3793,Can you explain how this works?,general,3
3549,How can I change my payment method?,billing,5
2943,I was charged twice for my subscription.,billing,4
3528,I do not recognize a charge on my account.,billing,4
3846,Can you give me more information about the service?,general,5
1458,The system stops working whenever I upload a file.,technical,4
1396,The application is not working correctly when I export a report.,technical,5
265,The application is not working correctly when I generate a document.,technical,4
4096,How does the platform work?,general,4
930,There is a bug preventing me from open the dashboard.,technical,4
4872,How can I cancel my account?,cancellation,5
2693,How do I change my account permissions?,account,5
247,Something is broken and I cannot generate a document.,technical,4
3590,I need a copy of my invoice.,billing,5
1759,How do I change my account permissions?,account,3
4866,Please help me cancel my subscription.,cancellation,5
2811,I do not recognize a charge on my account.,billing,4
924,I keep receiving an error while trying to download a file.,technical,5
2881,I was charged twice for my subscription.,billing,5
269,The software freezes when I import data.,technical,5
670,The software freezes when I import data.,technical,5
4476,Is it possible to add bulk file uploads?,feature_request,2
1911,How can I change my password?,account,5
2986,The subscription price on my invoice is incorrect.,billing,5
1153,I keep receiving an error while trying to open a document.,technical,4
4818,Please help me cancel my subscription.,cancellation,4
3456,The subscription price on my invoice is incorrect.,billing,5
4242,Where can I find more information about this product?,general,5
4550,It would be useful to have an improved search system.,feature_request,3
2173,How can I change my password?,account,5
4516,It would be useful to have bulk file uploads.,feature_request,4
1916,I forgot my password and cannot access my account.,account,5
613,Something is broken and I cannot save a project.,technical,5
2407,I cannot access my account after changing my password.,account,5
4206,Can you explain how this works?,general,3
1899,I cannot access my account after changing my password.,account,5
1650,My account is locked and I cannot sign in.,account,4
2608,I need help updating my profile information.,account,5
259,The system stops working whenever I generate a document.,technical,4
848,The system stops working whenever I upload a file.,technical,4
4252,Can you tell me more about the platform?,general,3
1234,The application crashes when I open a document.,technical,4
1128,Something is broken and I cannot export a report.,technical,5
1968,My account is locked and I cannot sign in.,account,4
559,Something is broken and I cannot generate a document.,technical,5
3906,Can you explain how this works?,general,3
485,I am getting an error when I try to open the dashboard.,technical,3
1321,Something is broken and I cannot download a file.,technical,4
3405,My payment was declined.,billing,3
8,The system stops working whenever I download a file.,technical,4
3280,Why was I charged for this month?,billing,5
3190,My payment was declined.,billing,3
1451,The application crashes when I save a project.,technical,5
3981,Where can I find more information about this product?,general,4
1815,I need help updating my profile information.,account,5
774,There is a bug preventing me from open the dashboard.,technical,4
1012,The application is not working correctly when I open a document.,technical,5
2819,I was charged the wrong amount.,billing,5
3276,I was charged the wrong amount.,billing,4
1992,I cannot access my account after changing my password.,account,5
1278,Something is broken and I cannot save a project.,technical,4
1784,I forgot my password and cannot access my account.,account,3
3106,The subscription price on my invoice is incorrect.,billing,5
447,There is a bug preventing me from open the dashboard.,technical,5
881,There is a bug preventing me from save a project.,technical,5
4460,I would like the platform to support a mobile application.,feature_request,4
782,The application crashes when I open a document.,technical,3
1750,I need help updating my profile information.,account,4
3389,My payment was declined.,billing,4
4882,I would like to cancel my plan.,cancellation,3
884,I am getting an error when I try to download a file.,technical,4
2945,I do not recognize a charge on my account.,billing,4
1092,The system stops working whenever I save a project.,technical,5
4784,I would like to cancel my plan.,cancellation,5
532,There is a bug preventing me from import data.,technical,5
4023,Where can I find more information about this product?,general,3
4422,Is it possible to add advanced reporting?,feature_request,5
4099,Can you explain how this works?,general,3
1728,I need help updating my profile information.,account,5
611,The application is not working correctly when I upload a file.,technical,3
571,The system stops working whenever I save a project.,technical,4
2672,I cannot log into my account.,account,5
3719,Can you give me more information about the service?,general,4
344,The application crashes when I generate a document.,technical,5
3001,My payment was declined.,billing,3
3140,I was charged twice for my subscription.,billing,4
435,The software freezes when I save a project.,technical,5
1904,I cannot log into my account.,account,4
3805,Can you tell me more about the platform?,general,5
4777,How can I cancel my account?,cancellation,3
2070,My account is locked and I cannot sign in.,account,4
1538,How can I change my password?,account,4
2253,I forgot my password and cannot access my account.,account,4
2347,My account is locked and I cannot sign in.,account,4
1518,My account is locked and I cannot sign in.,account,5
966,The application crashes when I import data.,technical,5
4407,I think the platform would be better with a mobile application.,feature_request,5
529,The system stops working whenever I save a project.,technical,4
177,The system stops working whenever I export a report.,technical,4
3483,I was charged twice for my subscription.,billing,4
2544,I need to update the email address on my profile.,account,5
4936,Please help me cancel my subscription.,cancellation,5
573,The application is not working correctly when I import data.,technical,5
2300,I need help updating my profile information.,account,4
3509,Why was I charged for this month?,billing,4
2460,I cannot access my account after changing my password.,account,5
3610,I would like more information about your plans.,general,4
4555,Could you add a mobile application to the application?,feature_request,5
2209,My account is locked and I cannot sign in.,account,3
4721,I would like to request a new feature for advanced reporting.,feature_request,4
2756,The subscription price on my invoice is incorrect.,billing,3
384,I keep receiving an error while trying to open a document.,technical,5
853,I keep receiving an error while trying to open a document.,technical,5
1881,I need to update the email address on my profile.,account,5
371,The software freezes when I upload a file.,technical,5
2379,My account is locked and I cannot sign in.,account,5
4324,I think the platform would be better with custom notifications.,feature_request,3
1106,The software freezes when I generate a document.,technical,4
3414,I do not recognize a charge on my account.,billing,5
3947,I would like more information about your plans.,general,2
1337,The system stops working whenever I open a document.,technical,4
2190,I need help updating my profile information.,account,5
4595,I would like the platform to support an improved search system.,feature_request,4
2320,I need help updating my profile information.,account,4
4706,I think the platform would be better with dark mode.,feature_request,4
3711,Where can I find the documentation?,general,2
4849,How can I cancel my account?,cancellation,5
1172,I keep receiving an error while trying to open the dashboard.,technical,4
4326,I think the platform would be better with calendar integration.,feature_request,4
2695,I cannot log into my account.,account,5
1423,Something is broken and I cannot upload a file.,technical,3
2342,My account is locked and I cannot sign in.,account,5
2652,I forgot my password and cannot access my account.,account,5
4156,How does the platform work?,general,4
1465,I am getting an error when I try to export a report.,technical,5
875,I am getting an error when I try to upload a file.,technical,5
3340,I do not recognize a charge on my account.,billing,5
4341,Could you add calendar integration to the application?,feature_request,4
1252,I keep receiving an error while trying to upload a file.,technical,5
2349,How do I change my account permissions?,account,5
841,The application crashes when I upload a file.,technical,3
4569,I would like the platform to support a mobile application.,feature_request,3
582,I keep receiving an error while trying to download a file.,technical,4
205,There is a bug preventing me from generate a document.,technical,5
1642,How do I change my account permissions?,account,3
2015,I forgot my password and cannot access my account.,account,5
906,The application is not working correctly when I import data.,technical,3
632,Something is broken and I cannot export a report.,technical,5
3365,I do not recognize a charge on my account.,billing,5
1975,I cannot log into my account.,account,5
163,The application is not working correctly when I download a file.,technical,5
3173,My payment was declined.,billing,4
3613,Where can I find more information about this product?,general,3
4676,Could you add dark mode to the application?,feature_request,4
618,There is a bug preventing me from save a project.,technical,5
4069,Can you tell me more about the platform?,general,4
1432,Something is broken and I cannot download a file.,technical,5
548,I am getting an error when I try to import data.,technical,4
3335,I was charged the wrong amount.,billing,5
4547,Please consider adding bulk file uploads in a future update.,feature_request,4
4224,Where can I find more information about this product?,general,5
2388,My account is locked and I cannot sign in.,account,4
4244,Where can I find the documentation?,general,4
3996,I have a general question about the service.,general,2
4066,Can you give me more information about the service?,general,4
1862,I need to update the email address on my profile.,account,4
641,Something is broken and I cannot generate a document.,technical,5
3903,Can you explain how this works?,general,4
638,Something is broken and I cannot open a document.,technical,5
4263,I have a general question about the service.,general,4
3911,Can you tell me more about the platform?,general,4
2987,How can I change my payment method?,billing,4
2097,I cannot log into my account.,account,5
4612,I would like the platform to support additional export formats.,feature_request,3
3076,The subscription price on my invoice is incorrect.,billing,5
3675,How does the platform work?,general,3
2842,I was charged the wrong amount.,billing,5
922,The application crashes when I download a file.,technical,5
547,The system stops working whenever I import data.,technical,5
3667,Can you give me more information about the service?,general,4
1901,I need help updating my profile information.,account,5
2029,I cannot log into my account.,account,4
2302,My account is locked and I cannot sign in.,account,4
1886,I need help updating my profile information.,account,5
1643,I need help updating my profile information.,account,4
3510,Why was I charged for this month?,billing,4
4810,How can I cancel my account?,cancellation,3
2098,My account is locked and I cannot sign in.,account,5
4358,I would like the platform to support bulk file uploads.,feature_request,4
3789,Where can I find more information about this product?,general,3
4495,Is it possible to add custom notifications?,feature_request,5
4968,How can I cancel my account?,cancellation,5
837,The software freezes when I export a report.,technical,5
602,I am getting an error when I try to save a project.,technical,3
2185,I forgot my password and cannot access my account.,account,4
3866,Where can I find more information about this product?,general,4
2482,My account is locked and I cannot sign in.,account,5
4308,I would like to request a new feature for additional export formats.,feature_request,2
1583,I forgot my password and cannot access my account.,account,4
4267,Can you tell me more about the platform?,general,3
2534,I need help updating my profile information.,account,4
2726,Why was I charged for this month?,billing,5
1071,I am getting an error when I try to open the dashboard.,technical,3
1776,I need help updating my profile information.,account,5
4809,I would like to cancel my plan.,cancellation,4
1284,Something is broken and I cannot import data.,technical,3
3051,I do not recognize a charge on my account.,billing,4
4754,How do I terminate my subscription?,cancellation,2
1837,I need to update the email address on my profile.,account,4
4243,Where can I find the documentation?,general,4
1020,The software freezes when I download a file.,technical,5
4134,Where can I find more information about this product?,general,3
1327,The software freezes when I export a report.,technical,5
476,I am getting an error when I try to import data.,technical,3
4272,I have a general question about the service.,general,4
1652,I forgot my password and cannot access my account.,account,4
3999,Where can I find more information about this product?,general,3
4468,Is it possible to add a mobile application?,feature_request,3
2611,How do I change my account permissions?,account,5
2477,I need to update the email address on my profile.,account,3
2584,I need help updating my profile information.,account,4
1374,There is a bug preventing me from export a report.,technical,4
740,The system stops working whenever I download a file.,technical,4
3619,Can you tell me more about the platform?,general,5
2441,I cannot log into my account.,account,5
868,There is a bug preventing me from download a file.,technical,4
1141,I am getting an error when I try to import data.,technical,5
998,The system stops working whenever I download a file.,technical,4
1338,The software freezes when I import data.,technical,5
542,The software freezes when I generate a document.,technical,5
1100,The software freezes when I download a file.,technical,4
1133,There is a bug preventing me from open the dashboard.,technical,5
4065,Can you explain how this works?,general,3
2716,I need a copy of my invoice.,billing,4
2259,I cannot access my account after changing my password.,account,3
4751,I do not want to renew my subscription.,cancellation,4
60,The software freezes when I import data.,technical,4
2884,My payment was declined.,billing,4
1939,I need to update the email address on my profile.,account,5
2577,How can I change my password?,account,4
4937,Please help me cancel my subscription.,cancellation,4
1079,There is a bug preventing me from open the dashboard.,technical,5
3250,The subscription price on my invoice is incorrect.,billing,4
3128,My payment was declined.,billing,4
2489,I need to update the email address on my profile.,account,4
941,I am getting an error when I try to generate a document.,technical,5
1081,The system stops working whenever I generate a document.,technical,3
188,I keep receiving an error while trying to upload a file.,technical,5
2635,I cannot log into my account.,account,5
2086,My account is locked and I cannot sign in.,account,5
2250,How can I change my password?,account,5
4891,I want to stop using the service.,cancellation,3
2024,How can I change my password?,account,4
3540,My payment was declined.,billing,4
4049,Can you explain how this works?,general,4
3607,I would like more information about your plans.,general,3
227,There is a bug preventing me from download a file.,technical,5
4848,I do not want to renew my subscription.,cancellation,4
1930,I need help updating my profile information.,account,4
3056,I was charged the wrong amount.,billing,4
4490,I would like the platform to support a mobile application.,feature_request,4
1405,The application is not working correctly when I import data.,technical,4
2180,I forgot my password and cannot access my account.,account,5
698,Something is broken and I cannot save a project.,technical,5
1125,There is a bug preventing me from generate a document.,technical,5
3362,Why was I charged for this month?,billing,4
4136,I have a general question about the service.,general,5
1779,I cannot access my account after changing my password.,account,5
2859,The subscription price on my invoice is incorrect.,billing,4
1038,The software freezes when I upload a file.,technical,4
4457,Is it possible to add advanced reporting?,feature_request,3
2257,I need help updating my profile information.,account,5
314,I keep receiving an error while trying to generate a document.,technical,5
2282,I need to update the email address on my profile.,account,5
1417,The software freezes when I generate a document.,technical,5
1037,The application is not working correctly when I download a file.,technical,4
2160,I cannot access my account after changing my password.,account,4
4164,Where can I find more information about this product?,general,5
1755,I cannot access my account after changing my password.,account,5
3113,I do not recognize a charge on my account.,billing,5
2814,My payment was declined.,billing,5
2699,My account is locked and I cannot sign in.,account,5
3208,Why was I charged for this month?,billing,4
4351,Please consider adding an improved search system in a future update.,feature_request,4
3432,How can I change my payment method?,billing,5
1507,I forgot my password and cannot access my account.,account,5
1924,I need help updating my profile information.,account,4
449,The application is not working correctly when I open the dashboard.,technical,5
4129,Can you give me more information about the service?,general,3
2529,How can I change my password?,account,5
4970,I want to close my account and cancel the service.,cancellation,3
2790,I do not recognize a charge on my account.,billing,4
362,I am getting an error when I try to export a report.,technical,4
2184,I need to update the email address on my profile.,account,4
1135,I am getting an error when I try to save a project.,technical,5
3881,Can you tell me more about the platform?,general,5
2156,I cannot log into my account.,account,4
1831,I need to update the email address on my profile.,account,5
1054,There is a bug preventing me from generate a document.,technical,4
23,The application crashes when I export a report.,technical,5
2067,My account is locked and I cannot sign in.,account,5
1654,I need help updating my profile information.,account,5
2588,I cannot log into my account.,account,5
3211,Why was I charged for this month?,billing,3
4303,I would like the platform to support bulk file uploads.,feature_request,3
4037,How does the platform work?,general,4
2326,How can I change my password?,account,4
461,I am getting an error when I try to import data.,technical,4
1068,There is a bug preventing me from open the dashboard.,technical,4
88,I am getting an error when I try to export a report.,technical,4
1431,The system stops working whenever I save a project.,technical,5
2648,My account is locked and I cannot sign in.,account,5
283,The software freezes when I open a document.,technical,5
463,I keep receiving an error while trying to save a project.,technical,4
213,The application is not working correctly when I open a document.,technical,5
2500,How do I change my account permissions?,account,5
1369,I keep receiving an error while trying to open a document.,technical,5
235,There is a bug preventing me from generate a document.,technical,5
2771,I was charged twice for my subscription.,billing,5
598,The application is not working correctly when I generate a document.,technical,4
4421,Could you add dark mode to the application?,feature_request,4
2251,I need to update the email address on my profile.,account,5
4032,Where can I find the documentation?,general,5
2284,I cannot log into my account.,account,5
663,There is a bug preventing me from upload a file.,technical,4
4964,I would like to cancel my plan.,cancellation,3
2286,I need help updating my profile information.,account,4
4717,Could you implement a mobile application?,feature_request,2
3194,I need a copy of my invoice.,billing,5
2504,My account is locked and I cannot sign in.,account,5
4044,How does the platform work?,general,5
780,I keep receiving an error while trying to open the dashboard.,technical,3
4020,I have a general question about the service.,general,2
3427,I need a copy of my invoice.,billing,3
4307,Is it possible to add an improved search system?,feature_request,4
3197,I do not recognize a charge on my account.,billing,4
4836,Please help me cancel my subscription.,cancellation,4
686,I keep receiving an error while trying to generate a document.,technical,4
3170,Why was I charged for this month?,billing,5
3927,Where can I find the documentation?,general,3
3435,My payment was declined.,billing,4
2172,My account is locked and I cannot sign in.,account,5
3690,How does the platform work?,general,2
1851,I need help updating my profile information.,account,4
488,The software freezes when I open the dashboard.,technical,4
1689,How can I change my password?,account,4
2231,I cannot log into my account.,account,5
3265,How can I change my payment method?,billing,5
2321,I cannot access my account after changing my password.,account,5
783,I keep receiving an error while trying to open a document.,technical,5
522,There is a bug preventing me from open the dashboard.,technical,3
523,I keep receiving an error while trying to open the dashboard.,technical,5
2838,Why was I charged for this month?,billing,5
4540,It would be useful to have custom notifications.,feature_request,3
2399,My account is locked and I cannot sign in.,account,4
2208,How do I change my account permissions?,account,3
3478,Why was I charged for this month?,billing,5
3553,I was charged twice for my subscription.,billing,4
4088,Where can I find more information about this product?,general,3
2823,I need a copy of my invoice.,billing,5
1512,I need to update the email address on my profile.,account,5
1883,How do I change my account permissions?,account,3
652,The software freezes when I save a project.,technical,5
4931,I do not want to renew my subscription.,cancellation,3
3090,My payment was declined.,billing,5
370,I keep receiving an error while trying to open a document.,technical,4
4998,How can I cancel my account?,cancellation,4
119,The application is not working correctly when I upload a file.,technical,4
3321,I was charged twice for my subscription.,billing,5
3035,My payment was declined.,billing,5
2217,I cannot access my account after changing my password.,account,5
3543,How can I change my payment method?,billing,4
1614,I cannot access my account after changing my password.,account,5
3152,The subscription price on my invoice is incorrect.,billing,5
963,The software freezes when I import data.,technical,5
2511,My account is locked and I cannot sign in.,account,4
3832,I would like more information about your plans.,general,3
2824,The subscription price on my invoice is incorrect.,billing,5
4344,I would like to request a new feature for additional export formats.,feature_request,4
3033,My payment was declined.,billing,5
2416,I cannot log into my account.,account,5
4655,Could you add calendar integration to the application?,feature_request,4
4237,Can you give me more information about the service?,general,4
2186,I need to update the email address on my profile.,account,5
3670,Where can I find the documentation?,general,4
2038,My account is locked and I cannot sign in.,account,4
4363,Is it possible to add an improved search system?,feature_request,4
773,I am getting an error when I try to generate a document.,technical,4
1285,Something is broken and I cannot export a report.,technical,3
4604,Could you implement additional export formats?,feature_request,2
4795,I want to close my account and cancel the service.,cancellation,5
1415,I keep receiving an error while trying to export a report.,technical,4
1235,There is a bug preventing me from download a file.,technical,5
2700,How can I change my password?,account,5
436,I am getting an error when I try to generate a document.,technical,5
1675,How can I change my password?,account,4
366,The application is not working correctly when I import data.,technical,5
2650,How can I change my password?,account,5
232,I am getting an error when I try to save a project.,technical,4
4268,I have a general question about the service.,general,5
4042,Can you give me more information about the service?,general,4
4400,I would like to request a new feature for custom notifications.,feature_request,4
408,I am getting an error when I try to export a report.,technical,5
2091,I cannot log into my account.,account,3
87,The application is not working correctly when I save a project.,technical,5
845,The system stops working whenever I generate a document.,technical,4
1032,The software freezes when I open a document.,technical,4
2856,I was charged the wrong amount.,billing,5
4110,How does the platform work?,general,4
4397,I would like the platform to support additional export formats.,feature_request,4
3894,I have a general question about the service.,general,4
2659,I cannot access my account after changing my password.,account,4
856,I am getting an error when I try to open a document.,technical,4
79,I am getting an error when I try to export a report.,technical,4
2248,I need help updating my profile information.,account,4
4571,It would be useful to have advanced reporting.,feature_request,5
3657,I would like more information about your plans.,general,4
4152,Can you tell me more about the platform?,general,2
3379,How can I change my payment method?,billing,5
2280,I forgot my password and cannot access my account.,account,3
2599,I need help updating my profile information.,account,5
4160,Where can I find the documentation?,general,4
3871,I have a general question about the service.,general,4
3429,My payment was declined.,billing,5
2177,I cannot access my account after changing my password.,account,5
425,I keep receiving an error while trying to open a document.,technical,5
393,There is a bug preventing me from save a project.,technical,5
4727,Please consider adding dark mode in a future update.,feature_request,4
3694,I would like more information about your plans.,general,4
105,There is a bug preventing me from open a document.,technical,4
3995,I have a general question about the service.,general,5
4413,I think the platform would be better with additional export formats.,feature_request,3
1949,I need to update the email address on my profile.,account,5
1460,The system stops working whenever I export a report.,technical,5
3258,Why was I charged for this month?,billing,3
2804,My payment was declined.,billing,5
2707,I was charged the wrong amount.,billing,5
4790,I want to close my account and cancel the service.,cancellation,3
1588,I need help updating my profile information.,account,3
3660,Can you tell me more about the platform?,general,4
1732,I need to update the email address on my profile.,account,3
4765,How can I cancel my account?,cancellation,2
4225,Can you give me more information about the service?,general,3
3682,Where can I find the documentation?,general,3
1792,How do I change my account permissions?,account,5
2356,My account is locked and I cannot sign in.,account,4
1941,How can I change my password?,account,4
703,The application crashes when I export a report.,technical,5
2443,I need to update the email address on my profile.,account,4
4376,It would be useful to have dark mode.,feature_request,4
497,I am getting an error when I try to import data.,technical,5
465,The system stops working whenever I open the dashboard.,technical,4
4072,How does the platform work?,general,4
4334,I would like to request a new feature for additional export formats.,feature_request,4
173,Something is broken and I cannot upload a file.,technical,5
4944,Please help me cancel my subscription.,cancellation,5
4797,I do not want to renew my subscription.,cancellation,2
2541,I cannot access my account after changing my password.,account,4
3263,My payment was declined.,billing,3
4681,I would like the platform to support calendar integration.,feature_request,4
2261,How can I change my password?,account,5
2113,I need to update the email address on my profile.,account,5
901,The software freezes when I import data.,technical,4
1447,I am getting an error when I try to save a project.,technical,4
3574,I need a copy of my invoice.,billing,5
742,I keep receiving an error while trying to open a document.,technical,5
2294,I need help updating my profile information.,account,5
2453,How do I change my account permissions?,account,5
2623,How can I change my password?,account,5
4079,Where can I find more information about this product?,general,2
1207,I keep receiving an error while trying to upload a file.,technical,3
510,The software freezes when I import data.,technical,5
2621,I need help updating my profile information.,account,4
2803,My payment was declined.,billing,5
3314,I do not recognize a charge on my account.,billing,4
1550,My account is locked and I cannot sign in.,account,4
4564,It would be useful to have a mobile application.,feature_request,5
2203,I cannot access my account after changing my password.,account,4
2567,My account is locked and I cannot sign in.,account,4
3893,Can you explain how this works?,general,5
2045,I need to update the email address on my profile.,account,4
768,The software freezes when I upload a file.,technical,5
4873,I want to cancel my subscription.,cancellation,4
3739,How does the platform work?,general,3
422,The application crashes when I open the dashboard.,technical,5
124,The software freezes when I upload a file.,technical,5
4163,Can you explain how this works?,general,5
2629,I cannot log into my account.,account,4
820,I am getting an error when I try to export a report.,technical,4
1404,I am getting an error when I try to open the dashboard.,technical,5
1383,The software freezes when I open the dashboard.,technical,5
2149,How do I change my account permissions?,account,5
1576,How do I change my account permissions?,account,5
1639,I cannot access my account after changing my password.,account,5
1796,I forgot my password and cannot access my account.,account,4
4816,Please help me cancel my subscription.,cancellation,3
400,The software freezes when I download a file.,technical,4
2311,How can I change my password?,account,3
883,The software freezes when I export a report.,technical,3
4974,I want to cancel my subscription.,cancellation,4
2898,I was charged twice for my subscription.,billing,5
1353,I am getting an error when I try to open a document.,technical,5
2743,Why was I charged for this month?,billing,5
4551,Is it possible to add calendar integration?,feature_request,4
2131,I forgot my password and cannot access my account.,account,5
983,The application crashes when I save a project.,technical,5
457,The system stops working whenever I download a file.,technical,3
4120,Can you tell me more about the platform?,general,4
1080,I keep receiving an error while trying to generate a document.,technical,5
1951,I forgot my password and cannot access my account.,account,3
4315,I would like the platform to support a mobile application.,feature_request,4
690,I keep receiving an error while trying to import data.,technical,4
2430,How can I change my password?,account,4
642,The software freezes when I generate a document.,technical,5
2393,I need help updating my profile information.,account,4
1954,How can I change my password?,account,4
2749,The subscription price on my invoice is incorrect.,billing,4
4314,I would like the platform to support advanced reporting.,feature_request,3
3436,I do not recognize a charge on my account.,billing,5
3337,My payment was declined.,billing,4
4767,I want to close my account and cancel the service.,cancellation,5
3371,I do not recognize a charge on my account.,billing,4
1885,How do I change my account permissions?,account,4
390,The application is not working correctly when I open the dashboard.,technical,5
2495,I need to update the email address on my profile.,account,4
3879,Can you tell me more about the platform?,general,5
3857,Where can I find the documentation?,general,4
846,The application is not working correctly when I open a document.,technical,5
543,The application crashes when I save a project.,technical,4
92,The system stops working whenever I generate a document.,technical,4
3890,Where can I find the documentation?,general,5
1980,My account is locked and I cannot sign in.,account,5
2813,The subscription price on my invoice is incorrect.,billing,4
4083,How does the platform work?,general,4
2903,The subscription price on my invoice is incorrect.,billing,3
2530,I need help updating my profile information.,account,3
1677,How can I change my password?,account,5
1049,The system stops working whenever I open a document.,technical,4
1961,How do I change my account permissions?,account,5
2531,How can I change my password?,account,3
3993,I have a general question about the service.,general,5
238,There is a bug preventing me from save a project.,technical,5
3098,Why was I charged for this month?,billing,4
3489,I was charged the wrong amount.,billing,5
1134,The application is not working correctly when I generate a document.,technical,5
1806,My account is locked and I cannot sign in.,account,4
4318,Please consider adding custom notifications in a future update.,feature_request,2
164,The software freezes when I import data.,technical,5
3493,The subscription price on my invoice is incorrect.,billing,5
4710,Could you implement dark mode?,feature_request,5
4631,It would be useful to have custom notifications.,feature_request,3
3454,How can I change my payment method?,billing,5
3200,How can I change my payment method?,billing,5
3635,Can you explain how this works?,general,4
3940,Can you explain how this works?,general,4
1812,I forgot my password and cannot access my account.,account,5
3650,Can you tell me more about the platform?,general,5
4050,Can you give me more information about the service?,general,5
1429,I keep receiving an error while trying to import data.,technical,5
3614,Can you give me more information about the service?,general,5
3132,I do not recognize a charge on my account.,billing,5
3397,The subscription price on my invoice is incorrect.,billing,5
4461,Could you add a mobile application to the application?,feature_request,3
4650,I would like to request a new feature for bulk file uploads.,feature_request,4
2821,Why was I charged for this month?,billing,3
1453,Something is broken and I cannot upload a file.,technical,4
594,The software freezes when I download a file.,technical,5
42,Something is broken and I cannot upload a file.,technical,4
561,The application is not working correctly when I import data.,technical,5
3274,I was charged twice for my subscription.,billing,4
3245,I was charged twice for my subscription.,billing,5
244,The application is not working correctly when I upload a file.,technical,3
1340,The application crashes when I open a document.,technical,5
2781,Why was I charged for this month?,billing,5
3188,Why was I charged for this month?,billing,5
3800,I would like more information about your plans.,general,4
1443,The software freezes when I download a file.,technical,4
262,The application crashes when I download a file.,technical,3
2765,Why was I charged for this month?,billing,5
1690,I cannot log into my account.,account,4
1726,How do I change my account permissions?,account,4
4793,I want to cancel my subscription.,cancellation,3
835,I am getting an error when I try to open the dashboard.,technical,5
1867,I need to update the email address on my profile.,account,5
2497,I cannot log into my account.,account,4
2011,I need help updating my profile information.,account,5
341,There is a bug preventing me from open a document.,technical,5
2989,I do not recognize a charge on my account.,billing,4
1602,My account is locked and I cannot sign in.,account,5
3876,Where can I find more information about this product?,general,3
4695,Please consider adding an improved search system in a future update.,feature_request,4
481,I am getting an error when I try to import data.,technical,4
2826,I need a copy of my invoice.,billing,3
4330,Is it possible to add calendar integration?,feature_request,5
3541,I was charged the wrong amount.,billing,5
4639,It would be useful to have additional export formats.,feature_request,3
3047,Why was I charged for this month?,billing,4
3991,How does the platform work?,general,5
1767,How do I change my account permissions?,account,5
4474,I would like the platform to support custom notifications.,feature_request,4
2454,My account is locked and I cannot sign in.,account,5
2878,The subscription price on my invoice is incorrect.,billing,5
3816,Can you give me more information about the service?,general,4
4017,I have a general question about the service.,general,5
4678,Could you add additional export formats to the application?,feature_request,5
3680,Where can I find more information about this product?,general,4
1272,I am getting an error when I try to save a project.,technical,5
3078,I do not recognize a charge on my account.,billing,5
4502,Is it possible to add an improved search system?,feature_request,5
3095,I do not recognize a charge on my account.,billing,5
4654,Please consider adding calendar integration in a future update.,feature_request,5
348,There is a bug preventing me from import data.,technical,3
3882,I would like more information about your plans.,general,2
4624,I would like to request a new feature for dark mode.,feature_request,4
2563,My account is locked and I cannot sign in.,account,3
4591,Could you add an improved search system to the application?,feature_request,5
1424,The software freezes when I open a document.,technical,4
657,The application is not working correctly when I export a report.,technical,5
2103,I need help updating my profile information.,account,5
633,I am getting an error when I try to open the dashboard.,technical,5
2893,I was charged the wrong amount.,billing,5
2494,I cannot access my account after changing my password.,account,5
2666,I cannot log into my account.,account,5
4016,Where can I find more information about this product?,general,4
3663,I would like more information about your plans.,general,4
3308,I need a copy of my invoice.,billing,5
3097,I was charged twice for my subscription.,billing,5
3920,Can you explain how this works?,general,4
2501,I need help updating my profile information.,account,3
1466,The application is not working correctly when I import data.,technical,4
2834,I was charged the wrong amount.,billing,4
116,I am getting an error when I try to generate a document.,technical,4
1822,I forgot my password and cannot access my account.,account,4
1495,The system stops working whenever I save a project.,technical,5
2402,I cannot access my account after changing my password.,account,5
1233,I am getting an error when I try to open a document.,technical,4
2662,How do I change my account permissions?,account,4
4101,Can you tell me more about the platform?,general,4
4574,It would be useful to have calendar integration.,feature_request,2
1154,There is a bug preventing me from open the dashboard.,technical,4
3849,Where can I find the documentation?,general,5
58,Something is broken and I cannot export a report.,technical,5
4105,Where can I find the documentation?,general,4
4289,I would like more information about your plans.,general,5
4946,How do I terminate my subscription?,cancellation,5
1736,My account is locked and I cannot sign in.,account,4
2197,How do I change my account permissions?,account,3
3554,I need a copy of my invoice.,billing,5
2476,My account is locked and I cannot sign in.,account,5
2565,My account is locked and I cannot sign in.,account,3
3159,The subscription price on my invoice is incorrect.,billing,5
4035,Can you give me more information about the service?,general,3
3656,I would like more information about your plans.,general,4
708,The software freezes when I save a project.,technical,4
4281,I would like more information about your plans.,general,3
1094,Something is broken and I cannot save a project.,technical,4
4840,How can I cancel my account?,cancellation,2
1377,Something is broken and I cannot upload a file.,technical,5
4914,I do not want to renew my subscription.,cancellation,3
73,Something is broken and I cannot generate a document.,technical,4
1923,I forgot my password and cannot access my account.,account,3
3174,I was charged the wrong amount.,billing,3
1765,I forgot my password and cannot access my account.,account,5
744,The software freezes when I download a file.,technical,5
4319,Is it possible to add dark mode?,feature_request,4
1006,Something is broken and I cannot save a project.,technical,3
2669,I need help updating my profile information.,account,5
1191,There is a bug preventing me from export a report.,technical,4
4632,Is it possible to add bulk file uploads?,feature_request,3
2602,How can I change my password?,account,4
1126,There is a bug preventing me from import data.,technical,5
1242,The software freezes when I download a file.,technical,4
4607,Is it possible to add custom notifications?,feature_request,4
4131,I have a general question about the service.,general,3
3443,I was charged the wrong amount.,billing,5
999,I am getting an error when I try to open a document.,technical,4
3387,My payment was declined.,billing,5
2685,How can I change my password?,account,3
1578,How can I change my password?,account,5
4791,I do not want to renew my subscription.,cancellation,3
1827,I forgot my password and cannot access my account.,account,4
3293,My payment was declined.,billing,4
4990,I want to close my account and cancel the service.,cancellation,3
3537,The subscription price on my invoice is incorrect.,billing,3
441,Something is broken and I cannot export a report.,technical,4
4952,I want to stop using the service.,cancellation,4
1101,Something is broken and I cannot download a file.,technical,3
4011,I would like more information about your plans.,general,4
3059,The subscription price on my invoice is incorrect.,billing,5
650,The software freezes when I download a file.,technical,3
1547,My account is locked and I cannot sign in.,account,3
4757,I want to stop using the service.,cancellation,2
3561,The subscription price on my invoice is incorrect.,billing,4
3887,How does the platform work?,general,3
3742,I would like more information about your plans.,general,3
631,Something is broken and I cannot import data.,technical,4
673,There is a bug preventing me from generate a document.,technical,5
1250,There is a bug preventing me from save a project.,technical,5
483,The system stops working whenever I open the dashboard.,technical,5
1585,How can I change my password?,account,5
3075,My payment was declined.,billing,5
4628,I would like the platform to support additional export formats.,feature_request,5
3039,I do not recognize a charge on my account.,billing,5
1463,Something is broken and I cannot export a report.,technical,5
3930,Where can I find the documentation?,general,5
3622,How does the platform work?,general,3
2579,How do I change my account permissions?,account,5
3802,I have a general question about the service.,general,2
50,I keep receiving an error while trying to open the dashboard.,technical,5
4290,Can you give me more information about the service?,general,5
3345,I was charged the wrong amount.,billing,4
859,The application crashes when I save a project.,technical,4
1073,The application is not working correctly when I generate a document.,technical,4
720,Something is broken and I cannot generate a document.,technical,3
3718,Where can I find more information about this product?,general,5
2632,I cannot access my account after changing my password.,account,3
4874,I want to stop using the service.,cancellation,4
1661,I need help updating my profile information.,account,5
1657,I cannot log into my account.,account,5
2426,How do I change my account permissions?,account,4
3525,I was charged twice for my subscription.,billing,3
4230,Where can I find more information about this product?,general,2
4975,I want to stop using the service.,cancellation,3
3310,Why was I charged for this month?,billing,5
4477,Could you implement a mobile application?,feature_request,2
3306,I was charged twice for my subscription.,billing,5
4752,How do I terminate my subscription?,cancellation,4
4127,Can you give me more information about the service?,general,5
2607,I forgot my password and cannot access my account.,account,3
1386,Something is broken and I cannot import data.,technical,5
3836,Can you tell me more about the platform?,general,4
1400,I keep receiving an error while trying to open the dashboard.,technical,4
1196,The application is not working correctly when I download a file.,technical,5
1409,The application is not working correctly when I import data.,technical,4
3825,Where can I find the documentation?,general,3
1799,I cannot access my account after changing my password.,account,5
1476,I keep receiving an error while trying to upload a file.,technical,3
4966,I do not want to renew my subscription.,cancellation,2
36,The application is not working correctly when I import data.,technical,4
3542,I do not recognize a charge on my account.,billing,5
2346,How can I change my password?,account,5
4679,Could you add dark mode to the application?,feature_request,4
2360,I cannot access my account after changing my password.,account,5
2207,I cannot access my account after changing my password.,account,5
3768,How does the platform work?,general,4
1287,There is a bug preventing me from import data.,technical,4
350,The software freezes when I open a document.,technical,5
2138,I forgot my password and cannot access my account.,account,4
2692,I need help updating my profile information.,account,5
4561,I think the platform would be better with custom notifications.,feature_request,2
3968,Can you explain how this works?,general,2
1682,I need help updating my profile information.,account,5
4835,How do I terminate my subscription?,cancellation,2
1444,I am getting an error when I try to download a file.,technical,5
3244,I need a copy of my invoice.,billing,5
1672,How can I change my password?,account,5
3837,Where can I find more information about this product?,general,3
1180,The software freezes when I upload a file.,technical,5
2799,I do not recognize a charge on my account.,billing,4
1693,How can I change my password?,account,4
3957,Where can I find more information about this product?,general,5
373,There is a bug preventing me from save a project.,technical,5
3611,Where can I find more information about this product?,general,5
1917,How can I change my password?,account,5
1358,I am getting an error when I try to open a document.,technical,5
1826,My account is locked and I cannot sign in.,account,5
787,The system stops working whenever I save a project.,technical,5
470,There is a bug preventing me from download a file.,technical,5
141,There is a bug preventing me from download a file.,technical,5
789,There is a bug preventing me from open the dashboard.,technical,5
324,Something is broken and I cannot upload a file.,technical,5
51,Something is broken and I cannot open a document.,technical,4
715,The software freezes when I download a file.,technical,5
4890,I want to close my account and cancel the service.,cancellation,5
2841,Why was I charged for this month?,billing,4
2447,I need to update the email address on my profile.,account,5
4814,I want to cancel my subscription.,cancellation,4
4420,Could you add calendar integration to the application?,feature_request,5
4597,Please consider adding additional export formats in a future update.,feature_request,3
3016,I was charged the wrong amount.,billing,4
2667,I cannot access my account after changing my password.,account,5
407,The system stops working whenever I open a document.,technical,5
3725,Where can I find the documentation?,general,5
1005,I am getting an error when I try to upload a file.,technical,4
3788,How does the platform work?,general,2
891,The software freezes when I generate a document.,technical,5
2412,I cannot access my account after changing my password.,account,5
2546,How can I change my password?,account,4
4834,I want to close my account and cancel the service.,cancellation,3
2391,How can I change my password?,account,5
3941,Where can I find more information about this product?,general,4
43,I keep receiving an error while trying to generate a document.,technical,4
2831,My payment was declined.,billing,5
3966,Can you give me more information about the service?,general,3
304,The application is not working correctly when I upload a file.,technical,5
4514,Could you add dark mode to the application?,feature_request,4
3748,Can you tell me more about the platform?,general,3
665,I keep receiving an error while trying to import data.,technical,4
1178,The software freezes when I export a report.,technical,5
2677,I need help updating my profile information.,account,5
1948,I forgot my password and cannot access my account.,account,3
2502,I need help updating my profile information.,account,4
1474,The system stops working whenever I import data.,technical,5
3484,My payment was declined.,billing,4
3521,How can I change my payment method?,billing,4
2133,How do I change my account permissions?,account,5
1027,The software freezes when I export a report.,technical,5
962,The application crashes when I export a report.,technical,5
2890,My payment was declined.,billing,5
3135,How can I change my payment method?,billing,5
2010,I need help updating my profile information.,account,5
2150,How do I change my account permissions?,account,5
3324,Why was I charged for this month?,billing,5
2339,I cannot access my account after changing my password.,account,5
3889,Can you give me more information about the service?,general,3
305,The software freezes when I generate a document.,technical,3
1441,The application crashes when I import data.,technical,4
1497,I am getting an error when I try to upload a file.,technical,5
2653,How can I change my password?,account,4
2876,I was charged twice for my subscription.,billing,5
917,The application crashes when I save a project.,technical,5
4183,Where can I find more information about this product?,general,4
3722,Can you explain how this works?,general,2
2773,I do not recognize a charge on my account.,billing,5
1625,How can I change my password?,account,5
3838,Can you tell me more about the platform?,general,5
822,The system stops working whenever I export a report.,technical,5
3965,Can you give me more information about the service?,general,5
1355,The application is not working correctly when I export a report.,technical,5
4498,Please consider adding a mobile application in a future update.,feature_request,5
851,Something is broken and I cannot open a document.,technical,4
1001,The system stops working whenever I download a file.,technical,4
3378,I do not recognize a charge on my account.,billing,5
19,There is a bug preventing me from generate a document.,technical,5
1638,How can I change my password?,account,3
1668,I cannot access my account after changing my password.,account,5
494,I keep receiving an error while trying to generate a document.,technical,5
1348,There is a bug preventing me from save a project.,technical,5
3728,Where can I find more information about this product?,general,4
4826,I do not want to renew my subscription.,cancellation,5
3615,Can you give me more information about the service?,general,5
3482,How can I change my payment method?,billing,5
688,Something is broken and I cannot open the dashboard.,technical,3
3732,How does the platform work?,general,4
1609,My account is locked and I cannot sign in.,account,5
4085,How does the platform work?,general,5
3403,Why was I charged for this month?,billing,4
1010,I am getting an error when I try to open the dashboard.,technical,5
2409,I cannot log into my account.,account,4
1093,I keep receiving an error while trying to download a file.,technical,5
1328,I keep receiving an error while trying to download a file.,technical,4
1678,I need to update the email address on my profile.,account,5
2000,I cannot access my account after changing my password.,account,5
1311,The system stops working whenever I generate a document.,technical,4
3259,I do not recognize a charge on my account.,billing,5
1988,I need help updating my profile information.,account,5
3649,I would like more information about your plans.,general,4
345,The system stops working whenever I save a project.,technical,5
4483,Could you add advanced reporting to the application?,feature_request,3
987,The system stops working whenever I open a document.,technical,5
4545,I would like to request a new feature for additional export formats.,feature_request,3
3808,I would like more information about your plans.,general,3
4524,I would like the platform to support bulk file uploads.,feature_request,3
4003,Can you give me more information about the service?,general,4
3092,I need a copy of my invoice.,billing,5
3962,I would like more information about your plans.,general,3
1143,Something is broken and I cannot generate a document.,technical,5
2359,I need to update the email address on my profile.,account,4
1199,The system stops working whenever I generate a document.,technical,5
86,I am getting an error when I try to open a document.,technical,5
1519,How can I change my password?,account,5
517,Something is broken and I cannot open a document.,technical,5
1382,The system stops working whenever I upload a file.,technical,5
2717,I need a copy of my invoice.,billing,5
3085,The subscription price on my invoice is incorrect.,billing,3
1015,The application crashes when I generate a document.,technical,4
129,The application is not working correctly when I save a project.,technical,4
1365,There is a bug preventing me from export a report.,technical,5
3624,Where can I find more information about this product?,general,2
4971,How can I cancel my account?,cancellation,4
892,The application is not working correctly when I open a document.,technical,5
2794,Why was I charged for this month?,billing,4
4239,I would like more information about your plans.,general,4
1360,The application is not working correctly when I generate a document.,technical,5
308,I keep receiving an error while trying to export a report.,technical,5
1662,I cannot log into my account.,account,5
2432,I cannot access my account after changing my password.,account,5
3935,I would like more information about your plans.,general,4
1318,The system stops working whenever I upload a file.,technical,5
4304,Is it possible to add custom notifications?,feature_request,5
2475,How do I change my account permissions?,account,4
2543,I cannot access my account after changing my password.,account,5
1247,The application is not working correctly when I open a document.,technical,4
1209,Something is broken and I cannot export a report.,technical,5
217,The application crashes when I generate a document.,technical,5
4293,Can you tell me more about the platform?,general,4
3063,I need a copy of my invoice.,billing,5
1240,I am getting an error when I try to export a report.,technical,5
2290,My account is locked and I cannot sign in.,account,4
2741,Why was I charged for this month?,billing,5
276,Something is broken and I cannot download a file.,technical,4
490,The application crashes when I import data.,technical,4
1036,Something is broken and I cannot open the dashboard.,technical,3
1230,The application is not working correctly when I upload a file.,technical,5
4586,I would like to request a new feature for custom notifications.,feature_request,4
1009,There is a bug preventing me from save a project.,technical,5
4690,Is it possible to add an improved search system?,feature_request,4
4027,Can you explain how this works?,general,4
3183,Why was I charged for this month?,billing,5
2533,I cannot access my account after changing my password.,account,4
4170,Where can I find the documentation?,general,4
1059,The application is not working correctly when I open a document.,technical,4
2167,I cannot log into my account.,account,5
4579,Please consider adding additional export formats in a future update.,feature_request,4
282,The application is not working correctly when I import data.,technical,5
3566,I was charged the wrong amount.,billing,5
1317,The application crashes when I open a document.,technical,3
4979,Please help me cancel my subscription.,cancellation,4
969,The application crashes when I open a document.,technical,3
3127,How can I change my payment method?,billing,3
3921,Where can I find the documentation?,general,4
3167,I do not recognize a charge on my account.,billing,4
3520,I need a copy of my invoice.,billing,4
620,I am getting an error when I try to download a file.,technical,5
3347,How can I change my payment method?,billing,5
1743,I forgot my password and cannot access my account.,account,5
1391,I keep receiving an error while trying to import data.,technical,4
4051,Can you explain how this works?,general,4
1848,I cannot log into my account.,account,5
1580,I need help updating my profile information.,account,3
1656,My account is locked and I cannot sign in.,account,4
2353,How do I change my account permissions?,account,5
2213,How can I change my password?,account,4
2021,My account is locked and I cannot sign in.,account,4
4973,I do not want to renew my subscription.,cancellation,5
1957,I cannot access my account after changing my password.,account,5
1308,The application is not working correctly when I open a document.,technical,4
2004,I cannot log into my account.,account,4
4456,I would like to request a new feature for an improved search system.,feature_request,4
576,I am getting an error when I try to download a file.,technical,5
4090,Where can I find the documentation?,general,3
4320,Is it possible to add bulk file uploads?,feature_request,2
4437,Please consider adding calendar integration in a future update.,feature_request,4
1707,I cannot log into my account.,account,5
3743,Where can I find more information about this product?,general,5
3471,I was charged twice for my subscription.,billing,4
1281,The application crashes when I export a report.,technical,5
862,I am getting an error when I try to save a project.,technical,5
4146,Can you explain how this works?,general,4
1802,I cannot log into my account.,account,4
1629,How can I change my password?,account,5
1994,How do I change my account permissions?,account,5
2640,How do I change my account permissions?,account,4
270,The application is not working correctly when I upload a file.,technical,4
630,There is a bug preventing me from save a project.,technical,5
3082,I do not recognize a charge on my account.,billing,5
2335,I forgot my password and cannot access my account.,account,4
2967,My payment was declined.,billing,5
301,The application is not working correctly when I export a report.,technical,5
460,I keep receiving an error while trying to export a report.,technical,4
1448,I am getting an error when I try to open the dashboard.,technical,5
1473,The application crashes when I open the dashboard.,technical,5
2047,I need to update the email address on my profile.,account,5
4229,Can you explain how this works?,general,4
3765,I have a general question about the service.,general,4
2114,I forgot my password and cannot access my account.,account,5
28,There is a bug preventing me from generate a document.,technical,5
3840,Can you tell me more about the platform?,general,4
4523,I think the platform would be better with additional export formats.,feature_request,5
838,There is a bug preventing me from open the dashboard.,technical,4
3827,I would like more information about your plans.,general,3
2009,I cannot log into my account.,account,5
4908,Please help me cancel my subscription.,cancellation,5
504,The system stops working whenever I upload a file.,technical,4
3207,I was charged twice for my subscription.,billing,5
4305,Could you implement an improved search system?,feature_request,2
381,The application crashes when I open a document.,technical,5
1852,How do I change my account permissions?,account,4
1526,I need to update the email address on my profile.,account,4
2366,My account is locked and I cannot sign in.,account,4
4148,I would like more information about your plans.,general,3
3053,My payment was declined.,billing,4
2885,How can I change my payment method?,billing,4
2341,How can I change my password?,account,4
375,I keep receiving an error while trying to open a document.,technical,5
3261,My payment was declined.,billing,4
2382,I cannot access my account after changing my password.,account,3
4310,Is it possible to add bulk file uploads?,feature_request,4
940,The software freezes when I import data.,technical,5
4199,I have a general question about the service.,general,4
4166,Can you tell me more about the platform?,general,4
2800,The subscription price on my invoice is incorrect.,billing,5
2148,How do I change my account permissions?,account,4
3818,Can you explain how this works?,general,4
4541,Could you implement custom notifications?,feature_request,2
4217,Where can I find more information about this product?,general,4
2069,I need help updating my profile information.,account,3
530,The application crashes when I open a document.,technical,5
4605,Please consider adding dark mode in a future update.,feature_request,3
637,Something is broken and I cannot open a document.,technical,5
1270,I keep receiving an error while trying to open the dashboard.,technical,5
186,The application crashes when I import data.,technical,5
4350,I would like the platform to support a mobile application.,feature_request,3
3180,The subscription price on my invoice is incorrect.,billing,4
3455,How can I change my payment method?,billing,5
1798,I cannot access my account after changing my password.,account,4
2980,I was charged the wrong amount.,billing,5
1442,The software freezes when I download a file.,technical,4
3428,How can I change my payment method?,billing,5
4875,I do not want to renew my subscription.,cancellation,5
1536,How can I change my password?,account,3
3444,I was charged twice for my subscription.,billing,5
1274,The system stops working whenever I export a report.,technical,4
2468,I forgot my password and cannot access my account.,account,4
608,The system stops working whenever I download a file.,technical,5
3514,My payment was declined.,billing,3
1713,How do I change my account permissions?,account,5
2200,I forgot my password and cannot access my account.,account,4
956,I keep receiving an error while trying to download a file.,technical,4
2580,I need to update the email address on my profile.,account,5
3898,I have a general question about the service.,general,2
4426,I would like the platform to support dark mode.,feature_request,5
3381,I was charged twice for my subscription.,billing,4
3686,How does the platform work?,general,4
404,I am getting an error when I try to export a report.,technical,4
2072,How do I change my account permissions?,account,4
4756,I would like to cancel my plan.,cancellation,5
1978,I cannot log into my account.,account,5
159,The software freezes when I download a file.,technical,5
1749,I cannot log into my account.,account,5
2910,I do not recognize a charge on my account.,billing,4
3535,How can I change my payment method?,billing,4
903,The application crashes when I save a project.,technical,4
353,The application crashes when I generate a document.,technical,5
1231,I keep receiving an error while trying to open the dashboard.,technical,5
4671,Could you add dark mode to the application?,feature_request,3
2141,I need to update the email address on my profile.,account,5
445,The system stops working whenever I save a project.,technical,5
4949,How do I terminate my subscription?,cancellation,5
755,The software freezes when I save a project.,technical,4
1738,I need to update the email address on my profile.,account,3
2972,I was charged the wrong amount.,billing,4
4980,How can I cancel my account?,cancellation,5
2921,Why was I charged for this month?,billing,4
312,I am getting an error when I try to generate a document.,technical,4
549,I am getting an error when I try to generate a document.,technical,4
4053,Can you give me more information about the service?,general,3
4762,I do not want to renew my subscription.,cancellation,4
1990,How can I change my password?,account,5
307,The application is not working correctly when I export a report.,technical,5
2336,How do I change my account permissions?,account,5
695,I keep receiving an error while trying to generate a document.,technical,5
2357,How do I change my account permissions?,account,4
1928,How can I change my password?,account,5
685,There is a bug preventing me from download a file.,technical,5
750,I keep receiving an error while trying to generate a document.,technical,5
4009,Can you give me more information about the service?,general,4
1267,The system stops working whenever I upload a file.,technical,4
3286,I do not recognize a charge on my account.,billing,5
3530,How can I change my payment method?,billing,4
4424,It would be useful to have calendar integration.,feature_request,3
3985,Can you give me more information about the service?,general,3
3084,The subscription price on my invoice is incorrect.,billing,5
3062,I was charged twice for my subscription.,billing,5
3026,The subscription price on my invoice is incorrect.,billing,5
971,The application crashes when I import data.,technical,5
14,The application is not working correctly when I import data.,technical,5
874,The system stops working whenever I open the dashboard.,technical,5
809,The software freezes when I open the dashboard.,technical,5
3199,The subscription price on my invoice is incorrect.,billing,5
515,The application is not working correctly when I open the dashboard.,technical,4
4473,It would be useful to have a mobile application.,feature_request,4
410,The system stops working whenever I export a report.,technical,4
3409,How can I change my payment method?,billing,5
4343,I would like to request a new feature for a mobile application.,feature_request,5
208,I keep receiving an error while trying to import data.,technical,5
3692,How does the platform work?,general,4
459,The application crashes when I download a file.,technical,3
3472,I was charged the wrong amount.,billing,4
2431,I cannot access my account after changing my password.,account,4
3658,Where can I find the documentation?,general,3
111,I am getting an error when I try to download a file.,technical,5
4590,I think the platform would be better with a mobile application.,feature_request,3
4045,Where can I find more information about this product?,general,2
1884,I cannot log into my account.,account,5
1714,I forgot my password and cannot access my account.,account,5
3959,Can you give me more information about the service?,general,5
3400,I need a copy of my invoice.,billing,5
553,I keep receiving an error while trying to export a report.,technical,5
1440,The software freezes when I generate a document.,technical,5
2271,I cannot access my account after changing my password.,account,5
3145,My payment was declined.,billing,4
2822,I was charged the wrong amount.,billing,4
4782,I want to stop using the service.,cancellation,4
1926,I need to update the email address on my profile.,account,4
635,I am getting an error when I try to upload a file.,technical,5
4806,Please help me cancel my subscription.,cancellation,5
317,Something is broken and I cannot open a document.,technical,4
4218,Can you explain how this works?,general,4
4700,It would be useful to have dark mode.,feature_request,3
1329,The system stops working whenever I download a file.,technical,5
428,The system stops working whenever I import data.,technical,4
4375,Please consider adding a mobile application in a future update.,feature_request,2
106,The software freezes when I save a project.,technical,5
3042,My payment was declined.,billing,3
143,The application crashes when I open a document.,technical,5
2170,How can I change my password?,account,5
3459,My payment was declined.,billing,5
90,The application is not working correctly when I upload a file.,technical,5
2919,The subscription price on my invoice is incorrect.,billing,5
3238,Why was I charged for this month?,billing,3
2242,How do I change my account permissions?,account,5
3175,How can I change my payment method?,billing,4
3413,My payment was declined.,billing,4
2164,How do I change my account permissions?,account,5
2637,I forgot my password and cannot access my account.,account,4
1950,I forgot my password and cannot access my account.,account,5
1769,I need help updating my profile information.,account,5
4291,I would like more information about your plans.,general,5
2273,I need to update the email address on my profile.,account,5
2,There is a bug preventing me from export a report.,technical,4
3283,How can I change my payment method?,billing,5
4958,I would like to cancel my plan.,cancellation,4
1952,How can I change my password?,account,4
936,The system stops working whenever I upload a file.,technical,5
4297,Can you give me more information about the service?,general,3
2721,I do not recognize a charge on my account.,billing,4
4448,Could you add custom notifications to the application?,feature_request,3
1110,Something is broken and I cannot import data.,technical,5
3961,Where can I find the documentation?,general,5
592,There is a bug preventing me from open the dashboard.,technical,4
1696,I cannot access my account after changing my password.,account,3
3451,I was charged twice for my subscription.,billing,5
2937,I was charged twice for my subscription.,billing,5
4205,Where can I find more information about this product?,general,3
3412,I do not recognize a charge on my account.,billing,4
1577,I cannot log into my account.,account,5
3955,Can you give me more information about the service?,general,4
214,The application is not working correctly when I export a report.,technical,4
779,Something is broken and I cannot export a report.,technical,5
1416,The application is not working correctly when I generate a document.,technical,5
3760,Where can I find the documentation?,general,4
2044,I cannot log into my account.,account,5
2849,I was charged twice for my subscription.,billing,4
4538,It would be useful to have calendar integration.,feature_request,4
3506,My payment was declined.,billing,5
3814,I have a general question about the service.,general,3
1568,I need help updating my profile information.,account,4
166,The system stops working whenever I upload a file.,technical,5
4715,I would like to request a new feature for advanced reporting.,feature_request,3
4273,Can you tell me more about the platform?,general,5
4927,I would like to cancel my plan.,cancellation,2
1344,The software freezes when I generate a document.,technical,5
2014,I cannot log into my account.,account,5
274,There is a bug preventing me from export a report.,technical,5
72,The software freezes when I generate a document.,technical,5
3888,How does the platform work?,general,4
1088,Something is broken and I cannot upload a file.,technical,5
395,Something is broken and I cannot download a file.,technical,4
584,Something is broken and I cannot upload a file.,technical,5
1368,I am getting an error when I try to download a file.,technical,5
4988,I want to stop using the service.,cancellation,5
4089,Can you give me more information about the service?,general,4
2549,How do I change my account permissions?,account,3
1014,The software freezes when I import data.,technical,4
4898,How do I terminate my subscription?,cancellation,3
3004,How can I change my payment method?,billing,4
4789,Please help me cancel my subscription.,cancellation,3
4408,Could you implement an improved search system?,feature_request,4
3533,Why was I charged for this month?,billing,4
1764,My account is locked and I cannot sign in.,account,4
1876,My account is locked and I cannot sign in.,account,5
1260,The application is not working correctly when I open a document.,technical,4
4531,Could you add a mobile application to the application?,feature_request,4
2254,How can I change my password?,account,5
2782,I need a copy of my invoice.,billing,5
3593,My payment was declined.,billing,5
527,I keep receiving an error while trying to open a document.,technical,4
4264,Can you explain how this works?,general,3
2947,How can I change my payment method?,billing,3
378,The application is not working correctly when I generate a document.,technical,5
1560,I cannot access my account after changing my password.,account,5
3821,Where can I find the documentation?,general,4
1964,I forgot my password and cannot access my account.,account,5
4733,Please consider adding custom notifications in a future update.,feature_request,5
349,The application is not working correctly when I upload a file.,technical,4
2435,I forgot my password and cannot access my account.,account,4
2247,I cannot access my account after changing my password.,account,4
4167,How does the platform work?,general,4
1710,My account is locked and I cannot sign in.,account,5
1051,The application crashes when I save a project.,technical,4
591,There is a bug preventing me from generate a document.,technical,5
520,The system stops working whenever I import data.,technical,5
4753,How do I terminate my subscription?,cancellation,2
4309,Could you add custom notifications to the application?,feature_request,5
2478,I cannot log into my account.,account,5
1084,There is a bug preventing me from import data.,technical,4
3589,The subscription price on my invoice is incorrect.,billing,5
4779,I would like to cancel my plan.,cancellation,4
4510,I think the platform would be better with dark mode.,feature_request,5
1295,Something is broken and I cannot upload a file.,technical,5
1810,I forgot my password and cannot access my account.,account,5
792,I am getting an error when I try to open a document.,technical,5
793,The system stops working whenever I import data.,technical,4
4115,Can you give me more information about the service?,general,4
1856,I cannot log into my account.,account,5
4758,Please help me cancel my subscription.,cancellation,3
1981,I forgot my password and cannot access my account.,account,5
3234,I was charged twice for my subscription.,billing,5
3909,Can you explain how this works?,general,3
4985,I want to stop using the service.,cancellation,5
3329,My payment was declined.,billing,5
1531,I cannot log into my account.,account,5
1411,The software freezes when I generate a document.,technical,5
4295,I would like more information about your plans.,general,4
4649,Could you add bulk file uploads to the application?,feature_request,4
84,The application is not working correctly when I open the dashboard.,technical,4
869,The application crashes when I export a report.,technical,5
2351,I cannot log into my account.,account,5
21,There is a bug preventing me from save a project.,technical,5
3425,Why was I charged for this month?,billing,5
2796,I was charged twice for my subscription.,billing,5
4573,It would be useful to have calendar integration.,feature_request,2
1563,I cannot log into my account.,account,5
3094,I do not recognize a charge on my account.,billing,4
3156,My payment was declined.,billing,5
974,The system stops working whenever I save a project.,technical,5
1711,How can I change my password?,account,5
3202,How can I change my payment method?,billing,5
4372,Please consider adding an improved search system in a future update.,feature_request,4
4820,Please help me cancel my subscription.,cancellation,5
1099,I am getting an error when I try to save a project.,technical,5
4162,How does the platform work?,general,3
2845,I was charged the wrong amount.,billing,5
887,The system stops working whenever I upload a file.,technical,4
4932,How do I terminate my subscription?,cancellation,4
3679,Where can I find more information about this product?,general,4
4581,I would like the platform to support advanced reporting.,feature_request,5
3567,I need a copy of my invoice.,billing,4
4402,Could you implement custom notifications?,feature_request,2
516,The system stops working whenever I open a document.,technical,5
4621,It would be useful to have custom notifications.,feature_request,4
738,The application is not working correctly when I open the dashboard.,technical,4
1454,The system stops working whenever I upload a file.,technical,5
3972,Can you tell me more about the platform?,general,3
4701,I think the platform would be better with an improved search system.,feature_request,4
2507,I cannot log into my account.,account,3
2995,How can I change my payment method?,billing,4
2127,I cannot access my account after changing my password.,account,5
2927,My payment was declined.,billing,5
4746,It would be useful to have a mobile application.,feature_request,3
907,Something is broken and I cannot upload a file.,technical,4
3648,How does the platform work?,general,3
1031,Something is broken and I cannot upload a file.,technical,5
2508,I need to update the email address on my profile.,account,5
2429,I need to update the email address on my profile.,account,4
948,There is a bug preventing me from save a project.,technical,4
3807,Where can I find more information about this product?,general,5
4755,How do I terminate my subscription?,cancellation,4
716,The application crashes when I upload a file.,technical,5
4056,Can you give me more information about the service?,general,3
687,I keep receiving an error while trying to generate a document.,technical,4
704,I keep receiving an error while trying to upload a file.,technical,5
3342,The subscription price on my invoice is incorrect.,billing,5
2354,I cannot log into my account.,account,5
2258,How do I change my account permissions?,account,4
3552,I do not recognize a charge on my account.,billing,5
474,The application crashes when I import data.,technical,4
22,The application is not working correctly when I export a report.,technical,5
2753,How can I change my payment method?,billing,4
886,The system stops working whenever I open a document.,technical,3
2449,My account is locked and I cannot sign in.,account,5
918,I am getting an error when I try to upload a file.,technical,5
3758,Can you explain how this works?,general,4
3752,How does the platform work?,general,4
2240,How can I change my password?,account,5
3845,I would like more information about your plans.,general,4
3396,I do not recognize a charge on my account.,billing,5
1266,I keep receiving an error while trying to import data.,technical,5
484,Something is broken and I cannot save a project.,technical,5
4338,Is it possible to add advanced reporting?,feature_request,4
2964,My payment was declined.,billing,5
1220,I keep receiving an error while trying to export a report.,technical,5
278,The system stops working whenever I import data.,technical,5
989,There is a bug preventing me from export a report.,technical,5
2085,I need help updating my profile information.,account,4
1246,I am getting an error when I try to generate a document.,technical,5
2383,I need help updating my profile information.,account,4
572,I keep receiving an error while trying to save a project.,technical,4
1436,The application is not working correctly when I upload a file.,technical,3
994,The software freezes when I open a document.,technical,5
3931,Where can I find more information about this product?,general,4
3448,My payment was declined.,billing,5
586,Something is broken and I cannot download a file.,technical,4
3659,I have a general question about the service.,general,4
2515,I cannot access my account after changing my password.,account,4
1350,The system stops working whenever I open a document.,technical,5
1008,Something is broken and I cannot export a report.,technical,3
675,The software freezes when I download a file.,technical,5
2413,How can I change my password?,account,5
2904,The subscription price on my invoice is incorrect.,billing,4
448,Something is broken and I cannot export a report.,technical,5
3835,I would like more information about your plans.,general,3
3759,How does the platform work?,general,4
3704,Where can I find more information about this product?,general,5
360,The application is not working correctly when I open the dashboard.,technical,5
2065,I forgot my password and cannot access my account.,account,4
4450,I would like to request a new feature for an improved search system.,feature_request,4
3811,Where can I find more information about this product?,general,2
1691,I cannot access my account after changing my password.,account,5
4327,Please consider adding dark mode in a future update.,feature_request,3
1549,How do I change my account permissions?,account,4
1248,Something is broken and I cannot download a file.,technical,4
1986,I forgot my password and cannot access my account.,account,4
295,The system stops working whenever I export a report.,technical,5
1548,I cannot log into my account.,account,5
2013,How can I change my password?,account,3
589,The application is not working correctly when I open the dashboard.,technical,4
3330,The subscription price on my invoice is incorrect.,billing,3
2404,I need to update the email address on my profile.,account,4
2130,I need help updating my profile information.,account,5
4389,Is it possible to add advanced reporting?,feature_request,5
2411,I cannot access my account after changing my password.,account,5
2720,How can I change my payment method?,billing,4
426,The system stops working whenever I upload a file.,technical,4
2583,My account is locked and I cannot sign in.,account,3
1055,Something is broken and I cannot download a file.,technical,5
3967,Can you give me more information about the service?,general,3
4563,Please consider adding additional export formats in a future update.,feature_request,4
557,There is a bug preventing me from import data.,technical,3
4359,Is it possible to add an improved search system?,feature_request,5
3939,Can you tell me more about the platform?,general,2
4713,Is it possible to add bulk file uploads?,feature_request,3
2470,My account is locked and I cannot sign in.,account,5
4711,I would like to request a new feature for advanced reporting.,feature_request,4
356,Something is broken and I cannot open the dashboard.,technical,3
1194,I keep receiving an error while trying to open a document.,technical,5
1717,My account is locked and I cannot sign in.,account,5
3417,I was charged the wrong amount.,billing,3
2605,I forgot my password and cannot access my account.,account,4
4130,Where can I find more information about this product?,general,4
2829,Why was I charged for this month?,billing,5
1705,How can I change my password?,account,3
2864,Why was I charged for this month?,billing,5
2619,My account is locked and I cannot sign in.,account,5
2401,My account is locked and I cannot sign in.,account,4
2140,How can I change my password?,account,5
3240,I need a copy of my invoice.,billing,3
2384,How do I change my account permissions?,account,5
3219,The subscription price on my invoice is incorrect.,billing,5
3936,I would like more information about your plans.,general,3
1286,I keep receiving an error while trying to export a report.,technical,3
3797,Where can I find the documentation?,general,5
4895,I would like to cancel my plan.,cancellation,5
4469,I would like to request a new feature for calendar integration.,feature_request,4
2088,My account is locked and I cannot sign in.,account,5
1890,I forgot my password and cannot access my account.,account,4
4623,I would like to request a new feature for custom notifications.,feature_request,5
1592,How can I change my password?,account,5
1347,The application is not working correctly when I export a report.,technical,3
4432,It would be useful to have custom notifications.,feature_request,5
2163,I forgot my password and cannot access my account.,account,3
2397,I need to update the email address on my profile.,account,4
4769,I want to cancel my subscription.,cancellation,5
2272,I forgot my password and cannot access my account.,account,5
4491,Could you implement additional export formats?,feature_request,4
3112,I do not recognize a charge on my account.,billing,4
1138,I am getting an error when I try to upload a file.,technical,3
3896,How does the platform work?,general,3
973,The system stops working whenever I import data.,technical,3
796,The software freezes when I open a document.,technical,4
3021,I was charged twice for my subscription.,billing,4
1712,How can I change my password?,account,5
3388,I was charged twice for my subscription.,billing,4
37,The software freezes when I save a project.,technical,5
454,The application crashes when I open the dashboard.,technical,5
914,The application crashes when I download a file.,technical,5
4082,Can you give me more information about the service?,general,2
1200,The system stops working whenever I upload a file.,technical,5
1275,I am getting an error when I try to open a document.,technical,5
2376,I forgot my password and cannot access my account.,account,5
38,The application is not working correctly when I save a project.,technical,5
975,I keep receiving an error while trying to open a document.,technical,4
3196,I was charged twice for my subscription.,billing,5
984,There is a bug preventing me from open a document.,technical,5
3905,I would like more information about your plans.,general,5
4070,Where can I find the documentation?,general,3
1419,The system stops working whenever I upload a file.,technical,4
3333,I need a copy of my invoice.,billing,5
1561,How can I change my password?,account,4
40,There is a bug preventing me from save a project.,technical,4
1487,The application is not working correctly when I import data.,technical,5
3884,I would like more information about your plans.,general,4
170,Something is broken and I cannot import data.,technical,4
1356,There is a bug preventing me from open the dashboard.,technical,5
2786,I was charged twice for my subscription.,billing,5
3633,Where can I find more information about this product?,general,4
4749,Could you implement custom notifications?,feature_request,4
4005,Where can I find more information about this product?,general,5
2683,I cannot log into my account.,account,4
4705,Could you implement a mobile application?,feature_request,4
4026,Where can I find the documentation?,general,4
1641,I need to update the email address on my profile.,account,5
1291,The system stops working whenever I download a file.,technical,5
1381,The application is not working correctly when I download a file.,technical,4
1934,My account is locked and I cannot sign in.,account,5
580,There is a bug preventing me from upload a file.,technical,5
4221,Can you give me more information about the service?,general,3
3161,I was charged twice for my subscription.,billing,3
2031,I cannot log into my account.,account,5
893,I keep receiving an error while trying to upload a file.,technical,5
3952,Can you explain how this works?,general,3
781,Something is broken and I cannot import data.,technical,3
160,The application crashes when I download a file.,technical,5
3,I am getting an error when I try to open a document.,technical,5
2264,My account is locked and I cannot sign in.,account,5
3217,I need a copy of my invoice.,billing,5
2110,How do I change my account permissions?,account,5
850,I am getting an error when I try to open a document.,technical,3
2738,I was charged the wrong amount.,billing,5
2467,How do I change my account permissions?,account,5
3651,Where can I find more information about this product?,general,4
1597,I cannot log into my account.,account,3
1777,How can I change my password?,account,4
1914,I need to update the email address on my profile.,account,5
1044,There is a bug preventing me from save a project.,technical,4
4714,Could you add dark mode to the application?,feature_request,4
1545,I forgot my password and cannot access my account.,account,5
2737,I was charged the wrong amount.,billing,5
3707,How does the platform work?,general,2
4618,Could you add additional export formats to the application?,feature_request,4
54,The application crashes when I export a report.,technical,3
1797,How do I change my account permissions?,account,5
1912,How do I change my account permissions?,account,5
2307,My account is locked and I cannot sign in.,account,4
2554,I need help updating my profile information.,account,5
2801,I need a copy of my invoice.,billing,4
4087,I have a general question about the service.,general,4
4128,I have a general question about the service.,general,3
825,The application is not working correctly when I generate a document.,technical,5
4734,I would like to request a new feature for calendar integration.,feature_request,3
3179,I was charged the wrong amount.,billing,3
3402,Why was I charged for this month?,billing,4
1390,There is a bug preventing me from generate a document.,technical,5
3565,I was charged twice for my subscription.,billing,5
4877,I want to cancel my subscription.,cancellation,5
885,The application crashes when I generate a document.,technical,5
3806,Can you tell me more about the platform?,general,5
1608,I cannot access my account after changing my password.,account,4
1595,I cannot log into my account.,account,4
772,I keep receiving an error while trying to download a file.,technical,4
2612,My account is locked and I cannot sign in.,account,5
4662,I think the platform would be better with additional export formats.,feature_request,4
2274,I need to update the email address on my profile.,account,4
1869,How can I change my password?,account,4
1086,I keep receiving an error while trying to import data.,technical,4
11,I am getting an error when I try to import data.,technical,5
3612,Can you give me more information about the service?,general,3
1326,The application crashes when I open a document.,technical,5
3391,My payment was declined.,billing,5
1464,The application crashes when I export a report.,technical,5
807,There is a bug preventing me from download a file.,technical,5
4261,Can you explain how this works?,general,5
3986,I have a general question about the service.,general,4
3772,Can you tell me more about the platform?,general,3
2109,I forgot my password and cannot access my account.,account,4
4236,I would like more information about your plans.,general,4
4957,Please help me cancel my subscription.,cancellation,4
2235,I cannot log into my account.,account,4
3212,I do not recognize a charge on my account.,billing,5
964,The system stops working whenever I save a project.,technical,4
3416,I need a copy of my invoice.,billing,5
3754,Can you tell me more about the platform?,general,5
399,I am getting an error when I try to import data.,technical,5
2633,My account is locked and I cannot sign in.,account,5
4852,How can I cancel my account?,cancellation,4
2997,My payment was declined.,billing,4
705,Something is broken and I cannot open the dashboard.,technical,3
432,The software freezes when I generate a document.,technical,4
293,I am getting an error when I try to download a file.,technical,5
4868,How do I terminate my subscription?,cancellation,5
146,I am getting an error when I try to open the dashboard.,technical,4
4394,I would like to request a new feature for bulk file uploads.,feature_request,5
2034,I cannot access my account after changing my password.,account,4
4284,Where can I find the documentation?,general,5
1166,The software freezes when I upload a file.,technical,5
3501,I need a copy of my invoice.,billing,4
2051,I need help updating my profile information.,account,5
2625,I need help updating my profile information.,account,3
4379,I think the platform would be better with an improved search system.,feature_request,4
340,There is a bug preventing me from save a project.,technical,5
3880,I have a general question about the service.,general,4
4633,I would like the platform to support calendar integration.,feature_request,3
2974,I do not recognize a charge on my account.,billing,4
266,Something is broken and I cannot open the dashboard.,technical,4
2425,I forgot my password and cannot access my account.,account,5
1263,I am getting an error when I try to export a report.,technical,4
1772,I cannot access my account after changing my password.,account,4
3512,I need a copy of my invoice.,billing,5
272,Something is broken and I cannot open the dashboard.,technical,4
697,I keep receiving an error while trying to save a project.,technical,4
748,The system stops working whenever I download a file.,technical,4
245,The application crashes when I generate a document.,technical,5
318,There is a bug preventing me from download a file.,technical,5
477,The application crashes when I download a file.,technical,5
2033,How can I change my password?,account,5
958,The application crashes when I generate a document.,technical,3
3817,Where can I find the documentation?,general,2
814,I am getting an error when I try to open a document.,technical,4
4533,I would like the platform to support a mobile application.,feature_request,5
1915,I cannot log into my account.,account,4
4603,Please consider adding advanced reporting in a future update.,feature_request,4
3488,Why was I charged for this month?,billing,5
1298,The system stops working whenever I save a project.,technical,4
4031,Where can I find more information about this product?,general,3
1805,I cannot log into my account.,account,3
759,The application is not working correctly when I download a file.,technical,4
251,I keep receiving an error while trying to download a file.,technical,5
2462,How do I change my account permissions?,account,5
546,I keep receiving an error while trying to import data.,technical,5
3242,I was charged the wrong amount.,billing,5
739,The application is not working correctly when I open a document.,technical,4
311,The application crashes when I import data.,technical,5
3781,How does the platform work?,general,4
2942,Why was I charged for this month?,billing,5
1132,I am getting an error when I try to open a document.,technical,5
1450,The application crashes when I save a project.,technical,3
4920,I would like to cancel my plan.,cancellation,3
16,The application is not working correctly when I open a document.,technical,5
3233,My payment was declined.,billing,4
2770,The subscription price on my invoice is incorrect.,billing,4
3469,I do not recognize a charge on my account.,billing,3
921,The software freezes when I open a document.,technical,5
3030,Why was I charged for this month?,billing,5
1373,There is a bug preventing me from export a report.,technical,5
3588,I do not recognize a charge on my account.,billing,5
2545,I cannot log into my account.,account,5
3599,Why was I charged for this month?,billing,4
39,I am getting an error when I try to generate a document.,technical,5
364,Something is broken and I cannot download a file.,technical,4
4102,I would like more information about your plans.,general,5
183,There is a bug preventing me from open a document.,technical,5
3034,I do not recognize a charge on my account.,billing,5
2984,My payment was declined.,billing,4
1195,Something is broken and I cannot download a file.,technical,5
2853,How can I change my payment method?,billing,4
4543,Could you implement a mobile application?,feature_request,2
1122,The system stops working whenever I download a file.,technical,5
2236,My account is locked and I cannot sign in.,account,5
2668,I forgot my password and cannot access my account.,account,5
3700,I would like more information about your plans.,general,5
3224,I was charged twice for my subscription.,billing,5
1183,The application crashes when I download a file.,technical,5
4185,Can you give me more information about the service?,general,5
4294,Can you explain how this works?,general,3
615,I am getting an error when I try to import data.,technical,4
4909,I want to cancel my subscription.,cancellation,3
1467,The application crashes when I open a document.,technical,4
402,The system stops working whenever I open the dashboard.,technical,5
3043,The subscription price on my invoice is incorrect.,billing,4
935,The application crashes when I generate a document.,technical,4
2420,I forgot my password and cannot access my account.,account,4
4861,Please help me cancel my subscription.,cancellation,3
4911,Please help me cancel my subscription.,cancellation,3
2642,I cannot access my account after changing my password.,account,5
4018,I have a general question about the service.,general,3
727,The system stops working whenever I open a document.,technical,5
827,The software freezes when I upload a file.,technical,5
1522,How do I change my account permissions?,account,5
4857,How do I terminate my subscription?,cancellation,5
2931,I was charged the wrong amount.,billing,5
137,There is a bug preventing me from generate a document.,technical,4
3591,My payment was declined.,billing,5
629,The application is not working correctly when I import data.,technical,5
335,There is a bug preventing me from import data.,technical,3
391,The application is not working correctly when I upload a file.,technical,4
4388,I would like the platform to support additional export formats.,feature_request,3
4905,I do not want to renew my subscription.,cancellation,4
3833,Where can I find more information about this product?,general,4
1818,My account is locked and I cannot sign in.,account,4
401,The software freezes when I upload a file.,technical,5
711,The software freezes when I open a document.,technical,4
1040,Something is broken and I cannot generate a document.,technical,5
3990,Can you explain how this works?,general,4
3360,I was charged the wrong amount.,billing,4
47,The system stops working whenever I generate a document.,technical,5
1562,I forgot my password and cannot access my account.,account,5
4800,I want to close my account and cancel the service.,cancellation,3
3643,Where can I find more information about this product?,general,3
3727,Where can I find more information about this product?,general,3
4983,How do I terminate my subscription?,cancellation,4
1113,The application crashes when I save a project.,technical,4
2514,I cannot log into my account.,account,5
3609,Can you give me more information about the service?,general,4
1224,The application is not working correctly when I export a report.,technical,5
4061,Can you tell me more about the platform?,general,5
3024,How can I change my payment method?,billing,4
2422,I forgot my password and cannot access my account.,account,5
1509,I forgot my password and cannot access my account.,account,4
1751,I need help updating my profile information.,account,5
4838,Please help me cancel my subscription.,cancellation,3
4097,I have a general question about the service.,general,3
1800,How can I change my password?,account,3
339,The application crashes when I upload a file.,technical,5
216,The system stops working whenever I generate a document.,technical,3
3664,I have a general question about the service.,general,4
1342,The application is not working correctly when I export a report.,technical,4
12,The application is not working correctly when I upload a file.,technical,5
1521,How do I change my account permissions?,account,5
3641,Can you explain how this works?,general,4
3938,Can you give me more information about the service?,general,5
4428,I would like the platform to support a mobile application.,feature_request,3
3005,I need a copy of my invoice.,billing,4
2865,Why was I charged for this month?,billing,4
3116,I do not recognize a charge on my account.,billing,5
4841,I would like to cancel my plan.,cancellation,4
2323,How can I change my password?,account,3
2572,I forgot my password and cannot access my account.,account,5
2914,I need a copy of my invoice.,billing,4
102,The system stops working whenever I download a file.,technical,4
3550,I was charged the wrong amount.,billing,5
1459,The software freezes when I open a document.,technical,5
172,The software freezes when I generate a document.,technical,5
108,The system stops working whenever I download a file.,technical,3
4197,Where can I find more information about this product?,general,3
3570,Why was I charged for this month?,billing,4
4992,How do I terminate my subscription?,cancellation,4
4296,I have a general question about the service.,general,3
4064,I would like more information about your plans.,general,4
3862,How does the platform work?,general,5
4123,How does the platform work?,general,4
4630,I would like to request a new feature for dark mode.,feature_request,5
61,Something is broken and I cannot upload a file.,technical,5
1241,The software freezes when I download a file.,technical,5
4638,Could you implement advanced reporting?,feature_request,4
1041,The application crashes when I import data.,technical,5
4188,I have a general question about the service.,general,3
2761,I was charged twice for my subscription.,billing,4
2121,I forgot my password and cannot access my account.,account,5
1525,How do I change my account permissions?,account,5
3522,How can I change my payment method?,billing,5
154,I keep receiving an error while trying to import data.,technical,5
2249,How can I change my password?,account,4
482,I keep receiving an error while trying to import data.,technical,5
4234,Can you give me more information about the service?,general,2
4306,I would like the platform to support an improved search system.,feature_request,2
3579,How can I change my payment method?,billing,4
4126,Can you explain how this works?,general,4
3563,I was charged twice for my subscription.,billing,4
3316,My payment was declined.,billing,5
1763,How can I change my password?,account,5
3539,I do not recognize a charge on my account.,billing,3
4804,How can I cancel my account?,cancellation,4
751,Something is broken and I cannot export a report.,technical,5
3620,Can you tell me more about the platform?,general,5
1786,I forgot my password and cannot access my account.,account,4
4271,How does the platform work?,general,2
3384,I was charged the wrong amount.,billing,4
4349,I would like to request a new feature for a mobile application.,feature_request,5
406,The application is not working correctly when I import data.,technical,4
758,Something is broken and I cannot export a report.,technical,4
2712,Why was I charged for this month?,billing,5
2671,I forgot my password and cannot access my account.,account,5
3984,Where can I find more information about this product?,general,5
98,The system stops working whenever I generate a document.,technical,4
1334,Something is broken and I cannot generate a document.,technical,5
4452,Could you implement advanced reporting?,feature_request,2
2792,I need a copy of my invoice.,billing,4
2855,My payment was declined.,billing,4
187,I keep receiving an error while trying to open a document.,technical,5
4004,Can you tell me more about the platform?,general,4
2724,My payment was declined.,billing,4
3584,I was charged twice for my subscription.,billing,5
2059,I cannot log into my account.,account,5
1320,The application crashes when I download a file.,technical,4
149,Something is broken and I cannot save a project.,technical,5
29,The software freezes when I download a file.,technical,4
4141,I have a general question about the service.,general,3
4010,Where can I find the documentation?,general,2
3364,Why was I charged for this month?,billing,3
693,I keep receiving an error while trying to export a report.,technical,4
2867,I need a copy of my invoice.,billing,4
3777,Can you tell me more about the platform?,general,3
1387,The application crashes when I export a report.,technical,4
1846,I cannot log into my account.,account,3
4731,Could you implement a mobile application?,feature_request,3
130,The software freezes when I save a project.,technical,5
1600,I cannot log into my account.,account,4
3630,Where can I find the documentation?,general,4
4504,I would like to request a new feature for additional export formats.,feature_request,4
702,There is a bug preventing me from open a document.,technical,5
3983,I have a general question about the service.,general,4
3029,I was charged twice for my subscription.,billing,5
2970,How can I change my payment method?,billing,4
4357,Is it possible to add bulk file uploads?,feature_request,5
1709,I forgot my password and cannot access my account.,account,3
2954,I need a copy of my invoice.,billing,5
455,I am getting an error when I try to open a document.,technical,4
2869,I need a copy of my invoice.,billing,5
2041,I need help updating my profile information.,account,5
1773,How do I change my account permissions?,account,5
2316,I cannot access my account after changing my password.,account,5
610,The software freezes when I open the dashboard.,technical,4
168,The system stops working whenever I open the dashboard.,technical,4
731,The application is not working correctly when I open the dashboard.,technical,5
4249,Can you give me more information about the service?,general,5
3359,My payment was declined.,billing,3
2075,How can I change my password?,account,3
4040,Can you tell me more about the platform?,general,5
3701,How does the platform work?,general,4
1623,How do I change my account permissions?,account,4
588,I keep receiving an error while trying to import data.,technical,5
1402,The system stops working whenever I upload a file.,technical,4
3046,How can I change my payment method?,billing,5
3225,I was charged the wrong amount.,billing,3
1701,I need help updating my profile information.,account,3
3089,I do not recognize a charge on my account.,billing,3
4391,I think the platform would be better with advanced reporting.,feature_request,4
2982,I was charged twice for my subscription.,billing,4
41,The system stops working whenever I upload a file.,technical,5
1380,The application is not working correctly when I open the dashboard.,technical,4
2090,I cannot log into my account.,account,4
2176,I cannot access my account after changing my password.,account,5
3218,The subscription price on my invoice is incorrect.,billing,5
2886,I do not recognize a charge on my account.,billing,3
75,There is a bug preventing me from upload a file.,technical,5
3910,I have a general question about the service.,general,5
4965,I would like to cancel my plan.,cancellation,4
2658,I cannot log into my account.,account,4
3181,I do not recognize a charge on my account.,billing,5
2077,I forgot my password and cannot access my account.,account,5
442,The system stops working whenever I save a project.,technical,3
4052,Can you tell me more about the platform?,general,3
2052,How can I change my password?,account,5
2542,How can I change my password?,account,5
3307,I was charged the wrong amount.,billing,4
1302,The system stops working whenever I download a file.,technical,3
1782,How can I change my password?,account,4
4815,How do I terminate my subscription?,cancellation,2
3431,Why was I charged for this month?,billing,4
1305,The application crashes when I save a project.,technical,3
237,The application is not working correctly when I export a report.,technical,4
2600,I need help updating my profile information.,account,5
521,I am getting an error when I try to export a report.,technical,5
2574,My account is locked and I cannot sign in.,account,5
3281,I do not recognize a charge on my account.,billing,4
3187,I was charged the wrong amount.,billing,3
2769,The subscription price on my invoice is incorrect.,billing,4
736,The system stops working whenever I download a file.,technical,4
4704,Could you implement a mobile application?,feature_request,5
4930,I want to stop using the service.,cancellation,3
2107,How do I change my account permissions?,account,5
2680,How can I change my password?,account,4
3230,Why was I charged for this month?,billing,5
2762,I need a copy of my invoice.,billing,5
593,I keep receiving an error while trying to generate a document.,technical,4
1304,The system stops working whenever I save a project.,technical,5
1388,I am getting an error when I try to import data.,technical,4
4696,Please consider adding a mobile application in a future update.,feature_request,4
4527,I would like to request a new feature for additional export formats.,feature_request,3
3948,Can you give me more information about the service?,general,3
1891,I forgot my password and cannot access my account.,account,5
2988,I do not recognize a charge on my account.,billing,4
4925,I do not want to renew my subscription.,cancellation,4
3298,Why was I charged for this month?,billing,5
905,Something is broken and I cannot generate a document.,technical,5
4610,I would like the platform to support an improved search system.,feature_request,3
1280,I am getting an error when I try to download a file.,technical,4
934,There is a bug preventing me from import data.,technical,4
4900,I want to stop using the service.,cancellation,3
2309,My account is locked and I cannot sign in.,account,4
1556,How can I change my password?,account,4
4534,I would like to request a new feature for calendar integration.,feature_request,4
3191,How can I change my payment method?,billing,5
4442,Please consider adding an improved search system in a future update.,feature_request,3
707,The application is not working correctly when I generate a document.,technical,3
4691,Please consider adding dark mode in a future update.,feature_request,5
3071,I was charged twice for my subscription.,billing,4
746,The system stops working whenever I save a project.,technical,4
3595,My payment was declined.,billing,5
1940,I need to update the email address on my profile.,account,5
4401,Could you implement additional export formats?,feature_request,4
2863,Why was I charged for this month?,billing,3
3997,I would like more information about your plans.,general,3
514,Something is broken and I cannot export a report.,technical,5
82,There is a bug preventing me from import data.,technical,4
4977,I would like to cancel my plan.,cancellation,5
1309,Something is broken and I cannot open the dashboard.,technical,4
4615,Please consider adding calendar integration in a future update.,feature_request,5
915,The application is not working correctly when I open a document.,technical,4
3453,My payment was declined.,billing,4
3696,Can you explain how this works?,general,5
4805,I want to close my account and cancel the service.,cancellation,4
3157,My payment was declined.,billing,5
2199,I need help updating my profile information.,account,5
4233,I have a general question about the service.,general,2
775,Something is broken and I cannot save a project.,technical,4
330,The system stops working whenever I download a file.,technical,5
2055,My account is locked and I cannot sign in.,account,4
2002,I cannot log into my account.,account,3
944,I am getting an error when I try to import data.,technical,4
823,The application crashes when I import data.,technical,5
4528,I would like the platform to support custom notifications.,feature_request,3
910,Something is broken and I cannot export a report.,technical,5
2517,I need help updating my profile information.,account,4
182,The software freezes when I download a file.,technical,5
165,The software freezes when I save a project.,technical,5
1524,My account is locked and I cannot sign in.,account,5
452,The software freezes when I download a file.,technical,5
2539,How can I change my password?,account,4
4138,Can you tell me more about the platform?,general,5
4776,How can I cancel my account?,cancellation,4
1312,I keep receiving an error while trying to open the dashboard.,technical,5
3150,How can I change my payment method?,billing,5
1112,There is a bug preventing me from save a project.,technical,4
4548,I would like to request a new feature for custom notifications.,feature_request,3
4086,Can you explain how this works?,general,3
3490,I need a copy of my invoice.,billing,4
1288,Something is broken and I cannot upload a file.,technical,3
4178,How does the platform work?,general,4
4646,I think the platform would be better with dark mode.,feature_request,5
3681,How does the platform work?,general,2
4512,I would like the platform to support an improved search system.,feature_request,5
4169,Where can I find the documentation?,general,4
3301,My payment was declined.,billing,5
3311,Why was I charged for this month?,billing,5
4557,It would be useful to have dark mode.,feature_request,4
3126,I need a copy of my invoice.,billing,5
328,The application crashes when I generate a document.,technical,5
1791,I need to update the email address on my profile.,account,4
2491,I need help updating my profile information.,account,4
2007,How can I change my password?,account,5
2008,I need to update the email address on my profile.,account,5
1859,I cannot log into my account.,account,3
4686,Could you implement advanced reporting?,feature_request,3
313,The software freezes when I save a project.,technical,4
833,The application is not working correctly when I import data.,technical,5
3080,Why was I charged for this month?,billing,4
4718,Please consider adding custom notifications in a future update.,feature_request,2
3463,The subscription price on my invoice is incorrect.,billing,4
1202,The application crashes when I import data.,technical,5
4392,Please consider adding an improved search system in a future update.,feature_request,3
3548,I need a copy of my invoice.,billing,5
4923,I do not want to renew my subscription.,cancellation,5
2135,I need help updating my profile information.,account,3
3452,Why was I charged for this month?,billing,5
2210,My account is locked and I cannot sign in.,account,5
1902,I cannot log into my account.,account,5
1482,Something is broken and I cannot open the dashboard.,technical,5
778,The system stops working whenever I import data.,technical,4
800,I am getting an error when I try to save a project.,technical,4
3715,Can you explain how this works?,general,3
3943,I have a general question about the service.,general,4
55,The application crashes when I import data.,technical,3
2973,I do not recognize a charge on my account.,billing,5
3336,I need a copy of my invoice.,billing,5
1921,How do I change my account permissions?,account,3
3716,I have a general question about the service.,general,4
4647,Please consider adding an improved search system in a future update.,feature_request,5
947,The software freezes when I download a file.,technical,4
1702,I cannot log into my account.,account,4
3294,I need a copy of my invoice.,billing,3
2162,How can I change my password?,account,4
1137,I keep receiving an error while trying to download a file.,technical,5
988,I keep receiving an error while trying to open the dashboard.,technical,3
2550,I forgot my password and cannot access my account.,account,4
194,I am getting an error when I try to generate a document.,technical,5
3058,I was charged the wrong amount.,billing,3
3247,I was charged twice for my subscription.,billing,4
1395,The system stops working whenever I export a report.,technical,5
2638,My account is locked and I cannot sign in.,account,5
769,I keep receiving an error while trying to open a document.,technical,4
4703,Is it possible to add calendar integration?,feature_request,4
3091,I was charged the wrong amount.,billing,4
3496,Why was I charged for this month?,billing,4
3216,Why was I charged for this month?,billing,5
286,There is a bug preventing me from generate a document.,technical,5
4939,I would like to cancel my plan.,cancellation,4
429,The application is not working correctly when I download a file.,technical,4
4449,Could you add bulk file uploads to the application?,feature_request,4
2333,I cannot log into my account.,account,5
2718,I do not recognize a charge on my account.,billing,5
2080,I cannot access my account after changing my password.,account,5
3390,My payment was declined.,billing,5
723,I keep receiving an error while trying to upload a file.,technical,5
952,The software freezes when I save a project.,technical,4
4384,Could you add calendar integration to the application?,feature_request,5
4367,I think the platform would be better with custom notifications.,feature_request,3
2263,How can I change my password?,account,5
990,I keep receiving an error while trying to generate a document.,technical,5
3213,The subscription price on my invoice is incorrect.,billing,4
1760,How can I change my password?,account,4
4580,Could you add calendar integration to the application?,feature_request,4
327,I am getting an error when I try to save a project.,technical,3
2609,My account is locked and I cannot sign in.,account,5
1384,The application crashes when I import data.,technical,4
1725,I cannot access my account after changing my password.,account,4
1087,The application is not working correctly when I open the dashboard.,technical,5
2524,I cannot access my account after changing my password.,account,5
342,There is a bug preventing me from export a report.,technical,5
3702,I would like more information about your plans.,general,4
148,Something is broken and I cannot download a file.,technical,5
689,Something is broken and I cannot import data.,technical,5
3433,I need a copy of my invoice.,billing,4
1108,Something is broken and I cannot import data.,technical,4
849,The application is not working correctly when I export a report.,technical,4
967,The system stops working whenever I export a report.,technical,5
4728,Could you add an improved search system to the application?,feature_request,5
1493,I am getting an error when I try to open a document.,technical,5
3954,Where can I find the documentation?,general,4
2204,My account is locked and I cannot sign in.,account,5
2714,I need a copy of my invoice.,billing,5
662,The application crashes when I download a file.,technical,4
1003,There is a bug preventing me from download a file.,technical,5
63,I keep receiving an error while trying to open a document.,technical,4
285,Something is broken and I cannot upload a file.,technical,5
2225,I cannot access my account after changing my password.,account,5
4707,Could you add calendar integration to the application?,feature_request,3
1880,I cannot log into my account.,account,5
3573,I need a copy of my invoice.,billing,5
4858,I want to cancel my subscription.,cancellation,5
1204,The software freezes when I export a report.,technical,5
1991,My account is locked and I cannot sign in.,account,5
25,There is a bug preventing me from import data.,technical,4
4853,I want to stop using the service.,cancellation,5
4103,I would like more information about your plans.,general,2
4168,Can you explain how this works?,general,3
763,I am getting an error when I try to download a file.,technical,5
876,The application crashes when I generate a document.,technical,4
4743,Could you implement bulk file uploads?,feature_request,4
939,The application crashes when I export a report.,technical,4
2688,I need to update the email address on my profile.,account,4
3601,How does the platform work?,general,4
2395,I cannot log into my account.,account,5
4568,Could you implement additional export formats?,feature_request,3
4981,I do not want to renew my subscription.,cancellation,3
4125,How does the platform work?,general,3
4565,I would like to request a new feature for a mobile application.,feature_request,3
386,The application crashes when I open a document.,technical,4
3878,How does the platform work?,general,2
4371,Please consider adding a mobile application in a future update.,feature_request,3
4570,It would be useful to have custom notifications.,feature_request,3
537,I keep receiving an error while trying to upload a file.,technical,5
2292,How do I change my account permissions?,account,4
4666,Could you implement bulk file uploads?,feature_request,5
3875,Where can I find more information about this product?,general,3
937,Something is broken and I cannot export a report.,technical,3
3738,Where can I find the documentation?,general,4
4729,I would like to request a new feature for an improved search system.,feature_request,5
2361,I forgot my password and cannot access my account.,account,5
3508,I do not recognize a charge on my account.,billing,5
202,There is a bug preventing me from open the dashboard.,technical,5
3209,I was charged the wrong amount.,billing,5
1333,Something is broken and I cannot save a project.,technical,4
3017,I do not recognize a charge on my account.,billing,4
3503,My payment was declined.,billing,5
2709,The subscription price on my invoice is incorrect.,billing,5
4022,I would like more information about your plans.,general,4
1855,How do I change my account permissions?,account,5
4470,Please consider adding an improved search system in a future update.,feature_request,4
2873,How can I change my payment method?,billing,4
3031,How can I change my payment method?,billing,5
1206,The software freezes when I download a file.,technical,5
1646,My account is locked and I cannot sign in.,account,5
3418,How can I change my payment method?,billing,5
3477,How can I change my payment method?,billing,4
2862,My payment was declined.,billing,5
1793,I forgot my password and cannot access my account.,account,4
3798,Can you tell me more about the platform?,general,4
3369,I do not recognize a charge on my account.,billing,5
3368,I was charged the wrong amount.,billing,3
3534,How can I change my payment method?,billing,5
3450,How can I change my payment method?,billing,4
604,Something is broken and I cannot open the dashboard.,technical,5
3057,I was charged twice for my subscription.,billing,5
4532,It would be useful to have calendar integration.,feature_request,4
127,I am getting an error when I try to generate a document.,technical,5
3877,Can you explain how this works?,general,3
2936,I was charged twice for my subscription.,billing,5
3532,I was charged twice for my subscription.,billing,5
2731,The subscription price on my invoice is incorrect.,billing,3
828,The system stops working whenever I save a project.,technical,4
1640,I need to update the email address on my profile.,account,5
985,The system stops working whenever I import data.,technical,5
3282,I was charged twice for my subscription.,billing,4
4972,I want to close my account and cancel the service.,cancellation,3
2189,I forgot my password and cannot access my account.,account,5
4613,Could you add bulk file uploads to the application?,feature_request,3
2444,My account is locked and I cannot sign in.,account,4
363,There is a bug preventing me from download a file.,technical,4
2350,I cannot access my account after changing my password.,account,4
346,The system stops working whenever I open a document.,technical,5
815,I keep receiving an error while trying to upload a file.,technical,5
3206,How can I change my payment method?,billing,5
4161,Where can I find the documentation?,general,4
4796,I want to cancel my subscription.,cancellation,5
3326,I was charged the wrong amount.,billing,5
4107,I would like more information about your plans.,general,4
2117,How do I change my account permissions?,account,5
1835,My account is locked and I cannot sign in.,account,5
794,Something is broken and I cannot open a document.,technical,4
4947,I want to stop using the service.,cancellation,2
2675,How can I change my password?,account,5
95,The application is not working correctly when I open the dashboard.,technical,4
3757,Can you tell me more about the platform?,general,2
2892,My payment was declined.,billing,5
2372,I need to update the email address on my profile.,account,4
4150,I would like more information about your plans.,general,2
4433,Could you add bulk file uploads to the application?,feature_request,4
3229,Why was I charged for this month?,billing,4
2854,I need a copy of my invoice.,billing,5
2913,Why was I charged for this month?,billing,5
1866,How can I change my password?,account,5
1858,I cannot access my account after changing my password.,account,3
2646,I need help updating my profile information.,account,4
2244,How do I change my account permissions?,account,3
2337,I need help updating my profile information.,account,5
951,Something is broken and I cannot upload a file.,technical,3
3069,Why was I charged for this month?,billing,5
1121,I am getting an error when I try to generate a document.,technical,5
2598,I cannot access my account after changing my password.,account,4
2205,My account is locked and I cannot sign in.,account,4
420,The application is not working correctly when I open a document.,technical,5
923,The system stops working whenever I export a report.,technical,4
1255,I keep receiving an error while trying to export a report.,technical,4
478,The application crashes when I download a file.,technical,5
2036,I need to update the email address on my profile.,account,4
1203,I am getting an error when I try to export a report.,technical,5
2627,I need to update the email address on my profile.,account,4
4819,I do not want to renew my subscription.,cancellation,4
1971,I forgot my password and cannot access my account.,account,3
3111,My payment was declined.,billing,5
4019,Can you give me more information about the service?,general,4
2152,How can I change my password?,account,5
3688,Where can I find the documentation?,general,4
1998,I need to update the email address on my profile.,account,5
4034,Can you tell me more about the platform?,general,4
3055,I need a copy of my invoice.,billing,5
1249,The application crashes when I open the dashboard.,technical,4
2193,How do I change my account permissions?,account,5
2713,I need a copy of my invoice.,billing,4
993,Something is broken and I cannot download a file.,technical,4
2191,I forgot my password and cannot access my account.,account,5
3763,Can you give me more information about the service?,general,4
3598,Why was I charged for this month?,billing,5
1319,The software freezes when I download a file.,technical,4
1864,My account is locked and I cannot sign in.,account,4
2344,I need help updating my profile information.,account,5
2450,I cannot access my account after changing my password.,account,4
2137,I cannot access my account after changing my password.,account,5
1066,The application is not working correctly when I generate a document.,technical,4
4961,How can I cancel my account?,cancellation,3
2622,My account is locked and I cannot sign in.,account,3
78,I am getting an error when I try to save a project.,technical,3
2899,I was charged the wrong amount.,billing,3
1315,The software freezes when I save a project.,technical,5
4373,It would be useful to have custom notifications.,feature_request,5
873,The software freezes when I import data.,technical,5
3851,I would like more information about your plans.,general,3
4788,I want to close my account and cancel the service.,cancellation,4
2966,The subscription price on my invoice is incorrect.,billing,5
3392,I need a copy of my invoice.,billing,4
2561,I cannot access my account after changing my password.,account,4
4897,How can I cancel my account?,cancellation,4
2636,My account is locked and I cannot sign in.,account,5
3531,I do not recognize a charge on my account.,billing,3
376,There is a bug preventing me from download a file.,technical,5
1909,I cannot access my account after changing my password.,account,3
4333,Could you add bulk file uploads to the application?,feature_request,5
4380,Could you implement custom notifications?,feature_request,5
4028,Where can I find more information about this product?,general,3
1605,I forgot my password and cannot access my account.,account,4
1119,The application is not working correctly when I open the dashboard.,technical,5
3678,I would like more information about your plans.,general,4
3491,I was charged the wrong amount.,billing,5
4865,I want to cancel my subscription.,cancellation,4
2959,My payment was declined.,billing,4
1995,I need help updating my profile information.,account,5
4956,I want to close my account and cancel the service.,cancellation,5
4356,I would like to request a new feature for custom notifications.,feature_request,3
2377,I need to update the email address on my profile.,account,4
1343,The application crashes when I download a file.,technical,5
321,Something is broken and I cannot import data.,technical,5
1620,I need to update the email address on my profile.,account,4
3714,Can you give me more information about the service?,general,5
2061,I need to update the email address on my profile.,account,5
2220,I cannot access my account after changing my password.,account,5
1674,I forgot my password and cannot access my account.,account,4
261,There is a bug preventing me from save a project.,technical,4
4418,Could you add calendar integration to the application?,feature_request,3
2040,I cannot log into my account.,account,5
902,I am getting an error when I try to import data.,technical,4
3745,Can you give me more information about the service?,general,3
2027,How do I change my account permissions?,account,5
1918,My account is locked and I cannot sign in.,account,5
1829,I need help updating my profile information.,account,4
1574,My account is locked and I cannot sign in.,account,4
4395,I would like to request a new feature for dark mode.,feature_request,4
4209,Can you explain how this works?,general,5
225,The application is not working correctly when I open a document.,technical,5
724,The system stops working whenever I download a file.,technical,5
4486,Please consider adding an improved search system in a future update.,feature_request,3
1142,The system stops working whenever I open a document.,technical,4
2763,How can I change my payment method?,billing,5
847,The application is not working correctly when I open a document.,technical,4
2552,How can I change my password?,account,3
2929,How can I change my payment method?,billing,4
118,I am getting an error when I try to generate a document.,technical,4
646,Something is broken and I cannot upload a file.,technical,4
4,The application crashes when I upload a file.,technical,3
4171,I would like more information about your plans.,general,2
468,The software freezes when I open a document.,technical,5
6,The software freezes when I export a report.,technical,4
920,I am getting an error when I try to open a document.,technical,5
2596,How can I change my password?,account,5
1064,The system stops working whenever I save a project.,technical,5
2591,I need help updating my profile information.,account,5
243,The application crashes when I download a file.,technical,5
1161,The software freezes when I download a file.,technical,5
2871,The subscription price on my invoice is incorrect.,billing,5
3736,How does the platform work?,general,5
2398,I cannot access my account after changing my password.,account,5
3518,The subscription price on my invoice is incorrect.,billing,5
3422,The subscription price on my invoice is incorrect.,billing,4
2564,I cannot access my account after changing my password.,account,4
1606,I need help updating my profile information.,account,5
4829,Please help me cancel my subscription.,cancellation,3
2325,I need help updating my profile information.,account,5
2710,I need a copy of my invoice.,billing,3
4399,Could you implement a mobile application?,feature_request,5
1313,I am getting an error when I try to export a report.,technical,4
3449,I was charged twice for my subscription.,billing,5
3813,How does the platform work?,general,4
4656,I think the platform would be better with advanced reporting.,feature_request,5
2363,I cannot log into my account.,account,5
1976,My account is locked and I cannot sign in.,account,4
3515,I was charged twice for my subscription.,billing,4
1762,My account is locked and I cannot sign in.,account,5
2740,The subscription price on my invoice is incorrect.,billing,5
4845,I do not want to renew my subscription.,cancellation,4
2473,How do I change my account permissions?,account,5
4008,I would like more information about your plans.,general,4
1494,I am getting an error when I try to upload a file.,technical,5
4207,Can you tell me more about the platform?,general,3
2159,How can I change my password?,account,5
1170,The application crashes when I export a report.,technical,5
4517,Could you add dark mode to the application?,feature_request,4
233,I am getting an error when I try to save a project.,technical,3
67,I am getting an error when I try to upload a file.,technical,5
1604,I need help updating my profile information.,account,5
3284,I need a copy of my invoice.,billing,4
3597,I was charged the wrong amount.,billing,3
126,I keep receiving an error while trying to import data.,technical,5
1297,I am getting an error when I try to generate a document.,technical,4
1977,How do I change my account permissions?,account,5
4518,I would like the platform to support calendar integration.,feature_request,2
4482,I would like to request a new feature for bulk file uploads.,feature_request,4
2076,I cannot log into my account.,account,4
3087,Why was I charged for this month?,billing,4
4346,Is it possible to add calendar integration?,feature_request,3
3346,I was charged twice for my subscription.,billing,4
4465,I think the platform would be better with additional export formats.,feature_request,2
2798,I was charged twice for my subscription.,billing,4
919,The software freezes when I import data.,technical,5
1647,How can I change my password?,account,4
365,I am getting an error when I try to import data.,technical,4
3288,How can I change my payment method?,billing,5
2126,I need to update the email address on my profile.,account,4
4124,Can you tell me more about the platform?,general,3
526,The software freezes when I open a document.,technical,4
56,There is a bug preventing me from generate a document.,technical,5
639,Something is broken and I cannot upload a file.,technical,5
303,I keep receiving an error while trying to generate a document.,technical,5
2767,I was charged the wrong amount.,billing,4
1277,There is a bug preventing me from upload a file.,technical,5
2056,I need help updating my profile information.,account,3
3645,Can you explain how this works?,general,5
4144,Where can I find more information about this product?,general,5
2879,How can I change my payment method?,billing,3
4203,Can you tell me more about the platform?,general,4
2287,How can I change my password?,account,4
2262,I cannot access my account after changing my password.,account,4
2297,I need help updating my profile information.,account,4
1754,I cannot log into my account.,account,5
1969,I forgot my password and cannot access my account.,account,5
4352,It would be useful to have dark mode.,feature_request,5
3118,My payment was declined.,billing,5
2394,My account is locked and I cannot sign in.,account,5
524,The system stops working whenever I open a document.,technical,3
3901,Can you tell me more about the platform?,general,3
3123,How can I change my payment method?,billing,3
4157,I have a general question about the service.,general,3
1970,I cannot access my account after changing my password.,account,4
672,The system stops working whenever I open the dashboard.,technical,4
4189,Can you tell me more about the platform?,general,4
667,The application is not working correctly when I upload a file.,technical,5
4339,Could you add advanced reporting to the application?,feature_request,4
1888,I cannot access my account after changing my password.,account,5
3267,My payment was declined.,billing,5
281,The software freezes when I save a project.,technical,3
1720,I cannot access my account after changing my password.,account,4
2948,I was charged twice for my subscription.,billing,4
900,The software freezes when I export a report.,technical,4
4851,How do I terminate my subscription?,cancellation,4
761,The application crashes when I open the dashboard.,technical,5
1907,I cannot access my account after changing my password.,account,4
4043,Can you explain how this works?,general,5
3824,How does the platform work?,general,4
4139,Where can I find more information about this product?,general,4
3819,Where can I find more information about this product?,general,4
4301,I think the platform would be better with dark mode.,feature_request,4
2594,I cannot log into my account.,account,4
4165,Can you tell me more about the platform?,general,4
3032,The subscription price on my invoice is incorrect.,billing,5
3580,I need a copy of my invoice.,billing,5
2833,How can I change my payment method?,billing,5
3473,Why was I charged for this month?,billing,4
138,There is a bug preventing me from save a project.,technical,3
2181,I cannot log into my account.,account,4
2129,I forgot my password and cannot access my account.,account,4
3178,The subscription price on my invoice is incorrect.,billing,5
4368,Is it possible to add a mobile application?,feature_request,5
4262,Can you explain how this works?,general,5
4345,It would be useful to have custom notifications.,feature_request,5
1332,The software freezes when I export a report.,technical,4
2018,I forgot my password and cannot access my account.,account,4
2483,How can I change my password?,account,3
1359,I keep receiving an error while trying to open a document.,technical,5
1330,The application is not working correctly when I generate a document.,technical,5
2151,I need help updating my profile information.,account,5
2123,How do I change my account permissions?,account,4
3982,I have a general question about the service.,general,4
1253,The system stops working whenever I open a document.,technical,3
3279,My payment was declined.,billing,4
3375,My payment was declined.,billing,5
2815,Why was I charged for this month?,billing,4
1849,How can I change my password?,account,5
3038,I need a copy of my invoice.,billing,3
389,I am getting an error when I try to import data.,technical,4
236,Something is broken and I cannot open a document.,technical,5
1078,The application crashes when I export a report.,technical,4
1985,I cannot access my account after changing my password.,account,4
4364,Could you implement a mobile application?,feature_request,4
3963,Where can I find more information about this product?,general,3
771,The application crashes when I download a file.,technical,5
2166,How can I change my password?,account,4
674,The system stops working whenever I open the dashboard.,technical,5
250,I keep receiving an error while trying to open a document.,technical,5
1575,How do I change my account permissions?,account,4
3420,I do not recognize a charge on my account.,billing,5
2082,I need to update the email address on my profile.,account,3
1824,I cannot access my account after changing my password.,account,5
717,I am getting an error when I try to open the dashboard.,technical,5
4669,I would like to request a new feature for a mobile application.,feature_request,4
2049,I need to update the email address on my profile.,account,4
4179,I would like more information about your plans.,general,5
2725,I need a copy of my invoice.,billing,5
4522,Is it possible to add dark mode?,feature_request,5
1461,The application is not working correctly when I download a file.,technical,5
1669,I cannot access my account after changing my password.,account,5
2757,I need a copy of my invoice.,billing,5
2001,I need help updating my profile information.,account,5
405,The software freezes when I open a document.,technical,4
385,The system stops working whenever I save a project.,technical,5
4536,I would like to request a new feature for a mobile application.,feature_request,3
2153,I cannot access my account after changing my password.,account,4
1634,My account is locked and I cannot sign in.,account,5
4587,Is it possible to add additional export formats?,feature_request,4
3926,Where can I find the documentation?,general,4
4159,How does the platform work?,general,4
224,The application crashes when I save a project.,technical,4
2194,I cannot log into my account.,account,5
3137,I was charged twice for my subscription.,billing,5
1825,How can I change my password?,account,5
4601,I think the platform would be better with additional export formats.,feature_request,5
798,The application is not working correctly when I open a document.,technical,5
2872,I was charged twice for my subscription.,billing,5
10,I keep receiving an error while trying to open a document.,technical,3
1945,I need help updating my profile information.,account,4
1839,I need help updating my profile information.,account,4
256,Something is broken and I cannot download a file.,technical,3
4509,I would like the platform to support custom notifications.,feature_request,4
1582,How do I change my account permissions?,account,4
2957,I do not recognize a charge on my account.,billing,4
925,I keep receiving an error while trying to import data.,technical,5
4430,I would like to request a new feature for dark mode.,feature_request,3
2509,How do I change my account permissions?,account,5
3776,Where can I find more information about this product?,general,3
4137,Can you explain how this works?,general,5
2780,I was charged twice for my subscription.,billing,4
540,The software freezes when I upload a file.,technical,5
2746,Why was I charged for this month?,billing,5
4499,Could you implement an improved search system?,feature_request,4
4572,I think the platform would be better with bulk file uploads.,feature_request,4
1146,The application crashes when I save a project.,technical,4
668,The system stops working whenever I download a file.,technical,5
3020,I was charged the wrong amount.,billing,5
358,I am getting an error when I try to save a project.,technical,4
2832,How can I change my payment method?,billing,5
2784,I was charged the wrong amount.,billing,3
1354,I keep receiving an error while trying to import data.,technical,5
471,Something is broken and I cannot open a document.,technical,4
2704,How can I change my payment method?,billing,5
3331,How can I change my payment method?,billing,5
3638,How does the platform work?,general,3
1397,The software freezes when I export a report.,technical,4
3585,My payment was declined.,billing,5
4487,I would like the platform to support advanced reporting.,feature_request,5
3377,I was charged twice for my subscription.,billing,3
1257,The application is not working correctly when I export a report.,technical,4
3513,Why was I charged for this month?,billing,4
1251,The application is not working correctly when I save a project.,technical,4
4808,I want to close my account and cancel the service.,cancellation,4
4299,I have a general question about the service.,general,5
3285,I need a copy of my invoice.,billing,5
2934,The subscription price on my invoice is incorrect.,billing,4
4176,I have a general question about the service.,general,5
1853,I cannot access my account after changing my password.,account,5
4870,I would like to cancel my plan.,cancellation,4
2106,My account is locked and I cannot sign in.,account,4
134,Something is broken and I cannot export a report.,technical,5
929,The software freezes when I open a document.,technical,5
824,The system stops working whenever I import data.,technical,5
4544,I think the platform would be better with a mobile application.,feature_request,4
1532,I cannot access my account after changing my password.,account,3
1215,The application is not working correctly when I upload a file.,technical,4
505,Something is broken and I cannot upload a file.,technical,4
4286,Can you explain how this works?,general,5
1997,I cannot log into my account.,account,5
3073,I need a copy of my invoice.,billing,5
1959,I forgot my password and cannot access my account.,account,4
1385,The system stops working whenever I open the dashboard.,technical,5
895,I am getting an error when I try to open a document.,technical,4
456,The system stops working whenever I generate a document.,technical,4
4880,I would like to cancel my plan.,cancellation,5
3710,Where can I find more information about this product?,general,2
4619,Could you add calendar integration to the application?,feature_request,5
4269,I have a general question about the service.,general,3
3523,My payment was declined.,billing,4
4135,Can you tell me more about the platform?,general,5
3603,How does the platform work?,general,5
714,I am getting an error when I try to upload a file.,technical,3
4187,Can you tell me more about the platform?,general,4
2215,I need help updating my profile information.,account,3
2924,I was charged twice for my subscription.,billing,5
1811,I need help updating my profile information.,account,5
3487,How can I change my payment method?,billing,5
3142,The subscription price on my invoice is incorrect.,billing,5
1828,I forgot my password and cannot access my account.,account,5
1156,The application crashes when I upload a file.,technical,5
1325,The software freezes when I generate a document.,technical,4
4313,It would be useful to have a mobile application.,feature_request,5
511,There is a bug preventing me from open a document.,technical,3
1681,I forgot my password and cannot access my account.,account,3
500,I keep receiving an error while trying to open the dashboard.,technical,3
4537,I think the platform would be better with custom notifications.,feature_request,3
1857,My account is locked and I cannot sign in.,account,5
1389,The application is not working correctly when I save a project.,technical,5
3720,Can you tell me more about the platform?,general,2
2387,How do I change my account permissions?,account,4
3237,I do not recognize a charge on my account.,billing,5
1541,My account is locked and I cannot sign in.,account,5
1218,The application is not working correctly when I open the dashboard.,technical,5
2682,My account is locked and I cannot sign in.,account,5
2994,How can I change my payment method?,billing,5
1192,The application is not working correctly when I import data.,technical,5
1543,How do I change my account permissions?,account,5
3302,The subscription price on my invoice is incorrect.,billing,4
3325,The subscription price on my invoice is incorrect.,billing,4
2540,I forgot my password and cannot access my account.,account,4
954,I keep receiving an error while trying to open the dashboard.,technical,5
4331,I think the platform would be better with dark mode.,feature_request,4
733,The software freezes when I open a document.,technical,5
1157,The system stops working whenever I open the dashboard.,technical,5
3295,I do not recognize a charge on my account.,billing,4
2983,My payment was declined.,billing,5
2157,I cannot access my account after changing my password.,account,5
1063,The application crashes when I upload a file.,technical,5
2617,I need to update the email address on my profile.,account,5
1168,The application is not working correctly when I export a report.,technical,5
3223,The subscription price on my invoice is incorrect.,billing,5
3637,Where can I find more information about this product?,general,5
2939,My payment was declined.,billing,4
4492,Is it possible to add custom notifications?,feature_request,4
3141,I do not recognize a charge on my account.,billing,4
144,There is a bug preventing me from save a project.,technical,5
3578,I was charged twice for my subscription.,billing,5
2783,My payment was declined.,billing,5
718,I keep receiving an error while trying to open a document.,technical,5
1820,How do I change my account permissions?,account,5
2503,How do I change my account permissions?,account,5
4361,Could you implement a mobile application?,feature_request,4
4172,Can you give me more information about the service?,general,5
396,The software freezes when I export a report.,technical,5
4837,I want to close my account and cancel the service.,cancellation,4
4493,Could you add advanced reporting to the application?,feature_request,4
1366,The software freezes when I import data.,technical,5
4559,Could you implement advanced reporting?,feature_request,3
596,I am getting an error when I try to import data.,technical,5
3953,Where can I find the documentation?,general,4
2915,I was charged the wrong amount.,billing,5
2327,How do I change my account permissions?,account,4
3767,Where can I find more information about this product?,general,3
3441,I was charged twice for my subscription.,billing,3
3852,I would like more information about your plans.,general,3
4133,Can you tell me more about the platform?,general,4
4592,Is it possible to add bulk file uploads?,feature_request,4
2144,My account is locked and I cannot sign in.,account,4
1572,How do I change my account permissions?,account,5
4080,Can you explain how this works?,general,2
1123,I am getting an error when I try to open a document.,technical,4
2787,I was charged twice for my subscription.,billing,4
2968,My payment was declined.,billing,5
2505,My account is locked and I cannot sign in.,account,5
3466,I was charged the wrong amount.,billing,3
676,The system stops working whenever I download a file.,technical,4
2809,The subscription price on my invoice is incorrect.,billing,5
3349,The subscription price on my invoice is incorrect.,billing,4
729,There is a bug preventing me from open a document.,technical,4
413,Something is broken and I cannot open the dashboard.,technical,5
3147,My payment was declined.,billing,5
1517,How can I change my password?,account,5
826,I am getting an error when I try to save a project.,technical,5
3268,The subscription price on my invoice is incorrect.,billing,5
3975,Where can I find more information about this product?,general,4
617,The application crashes when I import data.,technical,5
115,There is a bug preventing me from download a file.,technical,4
418,I am getting an error when I try to generate a document.,technical,5
3070,I do not recognize a charge on my account.,billing,4
1626,I need to update the email address on my profile.,account,5
4951,I want to stop using the service.,cancellation,2
4186,Where can I find the documentation?,general,3
2897,I do not recognize a charge on my account.,billing,5
4672,Could you implement an improved search system?,feature_request,3
2083,I need help updating my profile information.,account,5
754,The software freezes when I import data.,technical,4
2547,I forgot my password and cannot access my account.,account,4
3970,I would like more information about your plans.,general,3
3374,I do not recognize a charge on my account.,billing,3
4108,Can you give me more information about the service?,general,5
2445,How do I change my account permissions?,account,5
4381,Could you add an improved search system to the application?,feature_request,5
1067,The software freezes when I import data.,technical,5
3914,Where can I find more information about this product?,general,4
3499,How can I change my payment method?,billing,4
2739,I was charged the wrong amount.,billing,5
4001,I have a general question about the service.,general,2
1569,I need to update the email address on my profile.,account,5
2428,I need to update the email address on my profile.,account,5
3747,Where can I find more information about this product?,general,4
4640,I would like the platform to support bulk file uploads.,feature_request,4
1688,How can I change my password?,account,4
852,There is a bug preventing me from open the dashboard.,technical,3
3547,My payment was declined.,billing,4
896,The application crashes when I upload a file.,technical,5
4593,I think the platform would be better with dark mode.,feature_request,3
336,I keep receiving an error while trying to import data.,technical,3
2840,I was charged twice for my subscription.,billing,5
3088,I was charged the wrong amount.,billing,5
1349,I keep receiving an error while trying to export a report.,technical,5
1016,The application is not working correctly when I export a report.,technical,5
2817,The subscription price on my invoice is incorrect.,billing,5
1632,How can I change my password?,account,5
2490,I cannot access my account after changing my password.,account,4
3731,Can you give me more information about the service?,general,3
3252,My payment was declined.,billing,5
4635,Is it possible to add additional export formats?,feature_request,4
2071,I need help updating my profile information.,account,4
4453,Could you implement custom notifications?,feature_request,4
4883,I want to cancel my subscription.,cancellation,3
1636,I cannot access my account after changing my password.,account,4
2480,I need help updating my profile information.,account,4
2266,I need help updating my profile information.,account,5
2960,How can I change my payment method?,billing,5
4732,Could you implement custom notifications?,feature_request,5
3060,My payment was declined.,billing,5
2142,I cannot log into my account.,account,4
3119,The subscription price on my invoice is incorrect.,billing,5
4726,Could you add advanced reporting to the application?,feature_request,4
4046,Where can I find the documentation?,general,4
3357,I do not recognize a charge on my account.,billing,4
2745,I was charged the wrong amount.,billing,5
3507,The subscription price on my invoice is incorrect.,billing,4
1680,How can I change my password?,account,5
4250,I have a general question about the service.,general,5
3148,I was charged the wrong amount.,billing,5
2295,I cannot access my account after changing my password.,account,5
581,I am getting an error when I try to export a report.,technical,3
1471,The system stops working whenever I generate a document.,technical,5
4071,Can you give me more information about the service?,general,4
3344,I do not recognize a charge on my account.,billing,4
4584,I think the platform would be better with bulk file uploads.,feature_request,4
3673,I would like more information about your plans.,general,3
560,I am getting an error when I try to download a file.,technical,4
2850,How can I change my payment method?,billing,5
513,I am getting an error when I try to generate a document.,technical,5
1082,The system stops working whenever I generate a document.,technical,5
1665,I cannot log into my account.,account,5
1013,The software freezes when I save a project.,technical,4
1932,I cannot log into my account.,account,3
1151,I am getting an error when I try to generate a document.,technical,5
2839,I was charged twice for my subscription.,billing,5
117,The software freezes when I import data.,technical,5
741,The software freezes when I open a document.,technical,3
4807,How do I terminate my subscription?,cancellation,5
3676,How does the platform work?,general,4
831,The application is not working correctly when I download a file.,technical,4
120,The software freezes when I import data.,technical,5
4854,How do I terminate my subscription?,cancellation,5
4739,Could you add an improved search system to the application?,feature_request,3
636,There is a bug preventing me from save a project.,technical,4
4466,Could you add additional export formats to the application?,feature_request,5
4365,Please consider adding bulk file uploads in a future update.,feature_request,3
4143,Can you explain how this works?,general,3
992,The software freezes when I save a project.,technical,5
877,The application crashes when I download a file.,technical,5
5,There is a bug preventing me from upload a file.,technical,5
3052,My payment was declined.,billing,4
3125,I do not recognize a charge on my account.,billing,5
2661,I cannot log into my account.,account,5
2492,My account is locked and I cannot sign in.,account,5
3855,I would like more information about your plans.,general,5
1716,My account is locked and I cannot sign in.,account,5
1149,The system stops working whenever I open the dashboard.,technical,5
3262,I was charged the wrong amount.,billing,5
575,The application crashes when I import data.,technical,4
3770,Can you tell me more about the platform?,general,4
3737,How does the platform work?,general,5
4147,Where can I find more information about this product?,general,4
854,The software freezes when I save a project.,technical,5
1983,I need help updating my profile information.,account,4
2775,I need a copy of my invoice.,billing,5
1167,The application crashes when I open a document.,technical,5
972,There is a bug preventing me from save a project.,technical,4
2702,I need a copy of my invoice.,billing,4
4496,Is it possible to add bulk file uploads?,feature_request,5
3848,Can you give me more information about the service?,general,3
2369,My account is locked and I cannot sign in.,account,4
4116,Can you tell me more about the platform?,general,5
4132,Can you tell me more about the platform?,general,2
2951,How can I change my payment method?,billing,5
525,The software freezes when I open the dashboard.,technical,5
2456,I need help updating my profile information.,account,5
1842,How can I change my password?,account,4
538,The application crashes when I open a document.,technical,3
2807,I was charged the wrong amount.,billing,5
4342,I would like to request a new feature for an improved search system.,feature_request,5
3176,Why was I charged for this month?,billing,5
785,The system stops working whenever I import data.,technical,5
4058,Where can I find more information about this product?,general,3
1410,Something is broken and I cannot open the dashboard.,technical,5
2538,I forgot my password and cannot access my account.,account,5
155,I am getting an error when I try to save a project.,technical,4
3010,The subscription price on my invoice is incorrect.,billing,5
1687,How can I change my password?,account,5
2902,I need a copy of my invoice.,billing,5
4950,I want to close my account and cancel the service.,cancellation,3
3864,Can you give me more information about the service?,general,4
2734,I was charged the wrong amount.,billing,3
1896,How do I change my account permissions?,account,4
570,I keep receiving an error while trying to open the dashboard.,technical,5
1817,I cannot access my account after changing my password.,account,5
2066,My account is locked and I cannot sign in.,account,5
128,The software freezes when I import data.,technical,4
3395,Why was I charged for this month?,billing,4
3328,I need a copy of my invoice.,billing,4
4987,I do not want to renew my subscription.,cancellation,4
2976,How can I change my payment method?,billing,5
981,The application is not working correctly when I save a project.,technical,4
2301,My account is locked and I cannot sign in.,account,4
191,The software freezes when I save a project.,technical,5
1140,Something is broken and I cannot generate a document.,technical,5
700,I am getting an error when I try to upload a file.,technical,5
4781,I want to close my account and cancel the service.,cancellation,3
607,There is a bug preventing me from upload a file.,technical,5
4277,Where can I find more information about this product?,general,2
302,Something is broken and I cannot open a document.,technical,4
3421,Why was I charged for this month?,billing,4
4821,I do not want to renew my subscription.,cancellation,5
1061,There is a bug preventing me from export a report.,technical,5
2566,I need to update the email address on my profile.,account,4
4995,How do I terminate my subscription?,cancellation,4
1070,I keep receiving an error while trying to generate a document.,technical,4
2525,I cannot access my account after changing my password.,account,5
2206,I forgot my password and cannot access my account.,account,4
1244,I am getting an error when I try to upload a file.,technical,5
17,I am getting an error when I try to download a file.,technical,4
3121,I do not recognize a charge on my account.,billing,4
4643,Is it possible to add an improved search system?,feature_request,4
816,Something is broken and I cannot export a report.,technical,5
3068,The subscription price on my invoice is incorrect.,billing,5
4785,How can I cancel my account?,cancellation,5
960,There is a bug preventing me from save a project.,technical,4
226,I am getting an error when I try to download a file.,technical,5
3355,The subscription price on my invoice is incorrect.,billing,4
2486,My account is locked and I cannot sign in.,account,5
563,There is a bug preventing me from import data.,technical,5
3437,The subscription price on my invoice is incorrect.,billing,5
1694,How can I change my password?,account,5
1046,The software freezes when I open a document.,technical,4
3447,I do not recognize a charge on my account.,billing,4
4566,Is it possible to add dark mode?,feature_request,5
955,Something is broken and I cannot import data.,technical,5
4986,I want to stop using the service.,cancellation,5
2736,The subscription price on my invoice is incorrect.,billing,5
4904,I would like to cancel my plan.,cancellation,3
4736,It would be useful to have an improved search system.,feature_request,2
4824,I would like to cancel my plan.,cancellation,3
1219,I keep receiving an error while trying to open a document.,technical,5
1528,I need help updating my profile information.,account,4
3988,Where can I find more information about this product?,general,3
1301,Something is broken and I cannot open the dashboard.,technical,4
4892,I do not want to renew my subscription.,cancellation,5
161,I keep receiving an error while trying to generate a document.,technical,5
4068,Where can I find more information about this product?,general,4
957,The application crashes when I import data.,technical,5
3792,I have a general question about the service.,general,4
3235,My payment was declined.,billing,4
2870,I was charged the wrong amount.,billing,3
3778,Can you tell me more about the platform?,general,3
4434,I think the platform would be better with dark mode.,feature_request,2
2962,I do not recognize a charge on my account.,billing,4
2201,I need help updating my profile information.,account,5
99,Something is broken and I cannot download a file.,technical,5
2558,I need help updating my profile information.,account,4
3184,Why was I charged for this month?,billing,4
254,The application is not working correctly when I import data.,technical,4
3924,How does the platform work?,general,4
4200,Can you tell me more about the platform?,general,4
1446,The application is not working correctly when I download a file.,technical,4
1649,I cannot log into my account.,account,5
4683,Could you add a mobile application to the application?,feature_request,5
4724,Could you add advanced reporting to the application?,feature_request,4
3992,Where can I find more information about this product?,general,5
1697,I need help updating my profile information.,account,5
3192,The subscription price on my invoice is incorrect.,billing,5
4500,Please consider adding bulk file uploads in a future update.,feature_request,4
1155,The software freezes when I save a project.,technical,5
2256,How do I change my account permissions?,account,4
1683,I forgot my password and cannot access my account.,account,5
3171,I need a copy of my invoice.,billing,4
2057,I cannot log into my account.,account,5
4091,I would like more information about your plans.,general,4
3109,I was charged twice for my subscription.,billing,4
4549,Please consider adding dark mode in a future update.,feature_request,5
3724,I would like more information about your plans.,general,4
2050,How can I change my password?,account,5
3644,Can you tell me more about the platform?,general,4
4928,I want to close my account and cancel the service.,cancellation,5
624,I keep receiving an error while trying to generate a document.,technical,5
263,I am getting an error when I try to open the dashboard.,technical,5
3370,My payment was declined.,billing,5
4062,How does the platform work?,general,3
1803,I need help updating my profile information.,account,5
4737,Could you implement an improved search system?,feature_request,3
4993,How can I cancel my account?,cancellation,5
2386,I cannot access my account after changing my password.,account,4
1960,I cannot log into my account.,account,4
2977,I was charged the wrong amount.,billing,4
489,There is a bug preventing me from generate a document.,technical,4
1844,I forgot my password and cannot access my account.,account,5
1735,I need to update the email address on my profile.,account,5
2912,My payment was declined.,billing,5
3220,I do not recognize a charge on my account.,billing,4
147,Something is broken and I cannot import data.,technical,5
1987,How do I change my account permissions?,account,3
1370,The system stops working whenever I open the dashboard.,technical,4
2812,Why was I charged for this month?,billing,4
660,I am getting an error when I try to open a document.,technical,5
1795,I cannot log into my account.,account,5
2512,My account is locked and I cannot sign in.,account,5
3398,Why was I charged for this month?,billing,5
4283,Can you explain how this works?,general,2
1148,The software freezes when I import data.,technical,5
3273,Why was I charged for this month?,billing,5
609,The system stops working whenever I upload a file.,technical,5
3583,I was charged twice for my subscription.,billing,5
1931,How do I change my account permissions?,account,5
198,I keep receiving an error while trying to generate a document.,technical,4
2932,How can I change my payment method?,billing,5
2328,I forgot my password and cannot access my account.,account,5
4390,I would like the platform to support dark mode.,feature_request,3
767,Something is broken and I cannot download a file.,technical,5
4497,I would like to request a new feature for a mobile application.,feature_request,5
4219,Can you give me more information about the service?,general,3
3256,I was charged twice for my subscription.,billing,5
203,Something is broken and I cannot open the dashboard.,technical,5
3511,Why was I charged for this month?,billing,4
1734,I forgot my password and cannot access my account.,account,5
2778,I was charged twice for my subscription.,billing,5
1708,I cannot access my account after changing my password.,account,4
3475,I need a copy of my invoice.,billing,4
855,There is a bug preventing me from download a file.,technical,3
4738,Could you add additional export formats to the application?,feature_request,4
4098,I would like more information about your plans.,general,4
2161,How can I change my password?,account,5
699,The application crashes when I upload a file.,technical,5
4948,How do I terminate my subscription?,cancellation,3
3000,I do not recognize a charge on my account.,billing,5
3697,Can you explain how this works?,general,4
1637,I need to update the email address on my profile.,account,4
3458,I do not recognize a charge on my account.,billing,4
3582,I need a copy of my invoice.,billing,4
1292,I keep receiving an error while trying to open a document.,technical,5
4660,Is it possible to add an improved search system?,feature_request,4
1854,My account is locked and I cannot sign in.,account,5
3764,Can you give me more information about the service?,general,4
3305,My payment was declined.,billing,4
4913,I want to close my account and cancel the service.,cancellation,4
3744,Can you tell me more about the platform?,general,2
3446,Why was I charged for this month?,billing,5
1999,I forgot my password and cannot access my account.,account,5
664,The application is not working correctly when I export a report.,technical,5
4780,Please help me cancel my subscription.,cancellation,4
3749,Can you explain how this works?,general,3
4414,I would like the platform to support custom notifications.,feature_request,4
4745,I would like to request a new feature for additional export formats.,feature_request,5
710,The application is not working correctly when I import data.,technical,4
1283,The system stops working whenever I save a project.,technical,5
2676,I need help updating my profile information.,account,5
4030,I have a general question about the service.,general,3
1307,The software freezes when I upload a file.,technical,5
2238,I cannot access my account after changing my password.,account,5
3303,How can I change my payment method?,billing,5
2039,How can I change my password?,account,5
1530,I cannot log into my account.,account,5
1664,My account is locked and I cannot sign in.,account,5
4935,Please help me cancel my subscription.,cancellation,3
4954,How can I cancel my account?,cancellation,2
3628,I have a general question about the service.,general,2
2694,I need help updating my profile information.,account,4
3061,I was charged the wrong amount.,billing,5
1598,I cannot access my account after changing my password.,account,5
2730,Why was I charged for this month?,billing,5
2626,I need help updating my profile information.,account,5
3158,My payment was declined.,billing,5
3315,I was charged the wrong amount.,billing,5
1723,I forgot my password and cannot access my account.,account,5
1060,The software freezes when I upload a file.,technical,4
4637,Is it possible to add an improved search system?,feature_request,3
3243,I do not recognize a charge on my account.,billing,3
1679,I forgot my password and cannot access my account.,account,4
1758,How do I change my account permissions?,account,5
4192,I have a general question about the service.,general,2
564,I am getting an error when I try to download a file.,technical,5
2791,I do not recognize a charge on my account.,billing,5
864,I keep receiving an error while trying to save a project.,technical,4
1485,The application is not working correctly when I save a project.,technical,3
207,I keep receiving an error while trying to download a file.,technical,5
4489,Could you implement dark mode?,feature_request,3
871,I am getting an error when I try to upload a file.,technical,5
4494,I think the platform would be better with additional export formats.,feature_request,4
503,The software freezes when I import data.,technical,5
1029,I am getting an error when I try to open a document.,technical,4
3841,I would like more information about your plans.,general,2
2691,My account is locked and I cannot sign in.,account,5
1571,I cannot access my account after changing my password.,account,5
2774,I was charged twice for my subscription.,billing,5
2732,I was charged twice for my subscription.,billing,4
805,I keep receiving an error while trying to open the dashboard.,technical,5
3646,Where can I find more information about this product?,general,5
2455,I cannot access my account after changing my password.,account,5
4599,Could you implement calendar integration?,feature_request,5
3105,I was charged twice for my subscription.,billing,3
4876,I want to stop using the service.,cancellation,4
201,The software freezes when I open the dashboard.,technical,5
3100,I was charged twice for my subscription.,billing,5
2279,I need to update the email address on my profile.,account,5
3562,I need a copy of my invoice.,billing,4
4475,I would like to request a new feature for bulk file uploads.,feature_request,4
4515,It would be useful to have a mobile application.,feature_request,5
392,The application crashes when I upload a file.,technical,4
1496,There is a bug preventing me from open a document.,technical,5
2696,I forgot my password and cannot access my account.,account,3
2028,I need help updating my profile information.,account,4
2569,I need help updating my profile information.,account,5
65,The system stops working whenever I generate a document.,technical,5
3885,Where can I find the documentation?,general,4
2063,How do I change my account permissions?,account,4
493,The system stops working whenever I open the dashboard.,technical,5
380,The system stops working whenever I download a file.,technical,3
4860,I do not want to renew my subscription.,cancellation,2
3994,I would like more information about your plans.,general,5
4888,I want to close my account and cancel the service.,cancellation,3
1077,The application is not working correctly when I download a file.,technical,4
879,I am getting an error when I try to save a project.,technical,4
338,Something is broken and I cannot open a document.,technical,5
1017,The application crashes when I save a project.,technical,5
1276,The application crashes when I download a file.,technical,5
3799,How does the platform work?,general,5
4552,I would like the platform to support calendar integration.,feature_request,4
3343,Why was I charged for this month?,billing,5
4912,I do not want to renew my subscription.,cancellation,2
996,The application crashes when I generate a document.,technical,3
1982,I cannot log into my account.,account,4
4298,Can you explain how this works?,general,2
162,The software freezes when I export a report.,technical,5
4799,I do not want to renew my subscription.,cancellation,5
1501,I need to update the email address on my profile.,account,5
3844,Can you explain how this works?,general,3
2614,I cannot log into my account.,account,4
3462,My payment was declined.,billing,3
1022,I am getting an error when I try to download a file.,technical,5
3074,I do not recognize a charge on my account.,billing,5
3944,Can you explain how this works?,general,2
1586,I cannot access my account after changing my password.,account,3
1956,I forgot my password and cannot access my account.,account,5
3153,I need a copy of my invoice.,billing,5
35,The application crashes when I open a document.,technical,5
4015,Can you tell me more about the platform?,general,4
776,The application crashes when I open the dashboard.,technical,4
2557,I cannot log into my account.,account,5
1479,I keep receiving an error while trying to open the dashboard.,technical,5
1364,I am getting an error when I try to download a file.,technical,5
2613,I forgot my password and cannot access my account.,account,4
2825,My payment was declined.,billing,5
2042,I forgot my password and cannot access my account.,account,5
242,The application is not working correctly when I open the dashboard.,technical,4
2062,How do I change my account permissions?,account,4
2364,I cannot log into my account.,account,5
601,The software freezes when I import data.,technical,5
2436,My account is locked and I cannot sign in.,account,5
2889,My payment was declined.,billing,4
647,The system stops working whenever I save a project.,technical,5
3891,Can you tell me more about the platform?,general,5
3557,My payment was declined.,billing,5
3203,The subscription price on my invoice is incorrect.,billing,5
1529,My account is locked and I cannot sign in.,account,3
1268,There is a bug preventing me from download a file.,technical,4
1900,I cannot access my account after changing my password.,account,3
4659,It would be useful to have additional export formats.,feature_request,3
3006,Why was I charged for this month?,billing,5
2735,The subscription price on my invoice is incorrect.,billing,5
190,I keep receiving an error while trying to open the dashboard.,technical,5
1807,I need help updating my profile information.,account,5
976,The software freezes when I open a document.,technical,4
2748,I do not recognize a charge on my account.,billing,5
2048,I need to update the email address on my profile.,account,4
2559,How can I change my password?,account,4
1083,The system stops working whenever I import data.,technical,5
475,The software freezes when I save a project.,technical,5
2905,I was charged twice for my subscription.,billing,5
4844,I want to close my account and cancel the service.,cancellation,4
4118,Where can I find more information about this product?,general,3
3386,How can I change my payment method?,billing,5
4556,Please consider adding a mobile application in a future update.,feature_request,4
1185,The system stops working whenever I save a project.,technical,4
2434,How do I change my account permissions?,account,5
2392,I need to update the email address on my profile.,account,5
770,There is a bug preventing me from import data.,technical,4
1686,My account is locked and I cannot sign in.,account,3
131,The application is not working correctly when I download a file.,technical,5
2920,How can I change my payment method?,billing,4
3172,I was charged the wrong amount.,billing,5
3445,The subscription price on my invoice is incorrect.,billing,5
4427,Could you add additional export formats to the application?,feature_request,5
467,There is a bug preventing me from save a project.,technical,5
3093,Why was I charged for this month?,billing,5
3773,How does the platform work?,general,4
861,Something is broken and I cannot export a report.,technical,3
