id,text,category,confidence
2096,I need to update the email address on my profile.,account,3
3802,I have a general question about the service.,general,2
3966,Can you give me more information about the service?,general,3
3798,Can you tell me more about the platform?,general,4
2239,I forgot my password and cannot access my account.,account,5
3007,I need a copy of my invoice.,billing,3
2739,I was charged the wrong amount.,billing,5
4894,Please help me cancel my subscription.,cancellation,3
4315,I would like the platform to support a mobile application.,feature_request,4
4638,Could you implement advanced reporting?,feature_request,4
3824,How does the platform work?,general,4
3094,I do not recognize a charge on my account.,billing,4
1267,The system stops working whenever I upload a file.,technical,4
3258,Why was I charged for this month?,billing,3
3566,I was charged the wrong amount.,billing,5
1656,My account is locked and I cannot sign in.,account,4
2906,I was charged the wrong amount.,billing,5
3298,Why was I charged for this month?,billing,5
2827,I do not recognize a charge on my account.,billing,4
1238,I keep receiving an error while trying to upload a file.,technical,3
4116,Can you tell me more about the platform?,general,5
3166,My payment was declined.,billing,4
2783,My payment was declined.,billing,5
630,There is a bug preventing me from save a project.,technical,5
1076,The application crashes when I open the dashboard.,technical,5
888,I keep receiving an error while trying to generate a document.,technical,4
726,The software freezes when I import data.,technical,4
3329,My payment was declined.,billing,5
1339,The application crashes when I save a project.,technical,4
518,I keep receiving an error while trying to import data.,technical,5
1276,The application crashes when I download a file.,technical,5
4569,I would like the platform to support a mobile application.,feature_request,3
152,Something is broken and I cannot export a report.,technical,4
1752,How do I change my account permissions?,account,5
873,The software freezes when I import data.,technical,5
1283,The system stops working whenever I save a project.,technical,5
3244,I need a copy of my invoice.,billing,5
3097,I was charged twice for my subscription.,billing,5
1796,I forgot my password and cannot access my account.,account,4
2202,My account is locked and I cannot sign in.,account,5
3315,I was charged the wrong amount.,billing,5
3082,I do not recognize a charge on my account.,billing,5
1812,I forgot my password and cannot access my account.,account,5
3197,I do not recognize a charge on my account.,billing,4
1176,The software freezes when I open a document.,technical,4
1649,I cannot log into my account.,account,5
1483,Something is broken and I cannot export a report.,technical,5
1618,How can I change my password?,account,3
2514,I cannot log into my account.,account,5
950,There is a bug preventing me from generate a document.,technical,5
4839,How do I terminate my subscription?,cancellation,4
3900,How does the platform work?,general,3
2763,How can I change my payment method?,billing,5
5000,Please help me cancel my subscription.,cancellation,4
2810,I was charged twice for my subscription.,billing,4
4290,Can you give me more information about the service?,general,5
3672,How does the platform work?,general,5
3785,Can you tell me more about the platform?,general,3
3669,Where can I find more information about this product?,general,2
570,I keep receiving an error while trying to open the dashboard.,technical,5
2780,I was charged twice for my subscription.,billing,4
3323,The subscription price on my invoice is incorrect.,billing,4
913,I keep receiving an error while trying to upload a file.,technical,5
3480,I was charged the wrong amount.,billing,5
823,The application crashes when I import data.,technical,5
3682,Where can I find the documentation?,general,3
2476,My account is locked and I cannot sign in.,account,5
72,The software freezes when I generate a document.,technical,5
2230,I forgot my password and cannot access my account.,account,4
1197,I am getting an error when I try to upload a file.,technical,4
3219,The subscription price on my invoice is incorrect.,billing,5
1701,I need help updating my profile information.,account,3
2238,I cannot access my account after changing my password.,account,5
3125,I do not recognize a charge on my account.,billing,5
2843,I do not recognize a charge on my account.,billing,5
4556,Please consider adding a mobile application in a future update.,feature_request,4
2886,I do not recognize a charge on my account.,billing,3
4048,Can you explain how this works?,general,4
3748,Can you tell me more about the platform?,general,3
2693,How do I change my account permissions?,account,5
1019,The software freezes when I export a report.,technical,5
3628,I have a general question about the service.,general,2
2567,My account is locked and I cannot sign in.,account,4
4606,Could you implement an improved search system?,feature_request,4
1147,Something is broken and I cannot open the dashboard.,technical,4
4065,Can you explain how this works?,general,3
3148,I was charged the wrong amount.,billing,5
4741,I would like to request a new feature for advanced reporting.,feature_request,3
205,There is a bug preventing me from generate a document.,technical,5
2191,I forgot my password and cannot access my account.,account,5
3738,Where can I find the documentation?,general,4
4956,I want to close my account and cancel the service.,cancellation,5
696,Something is broken and I cannot open the dashboard.,technical,5
2828,The subscription price on my invoice is incorrect.,billing,5
2555,I cannot access my account after changing my password.,account,5
901,The software freezes when I import data.,technical,4
1528,I need help updating my profile information.,account,4
1945,I need help updating my profile information.,account,4
3187,I was charged the wrong amount.,billing,3
4387,Could you add calendar integration to the application?,feature_request,5
4079,Where can I find more information about this product?,general,2
447,There is a bug preventing me from open the dashboard.,technical,5
4444,Could you implement additional export formats?,feature_request,5
2153,I cannot access my account after changing my password.,account,4
513,I am getting an error when I try to generate a document.,technical,5
2531,How can I change my password?,account,3
1597,I cannot log into my account.,account,3
1799,I cannot access my account after changing my password.,account,5
3075,My payment was declined.,billing,5
3675,How does the platform work?,general,3
285,Something is broken and I cannot upload a file.,technical,5
130,The software freezes when I save a project.,technical,5
81,The software freezes when I import data.,technical,5
3538,I do not recognize a charge on my account.,billing,4
3487,How can I change my payment method?,billing,5
3291,The subscription price on my invoice is incorrect.,billing,5
819,I am getting an error when I try to open the dashboard.,technical,5
2662,How do I change my account permissions?,account,4
2955,I was charged twice for my subscription.,billing,5
2799,I do not recognize a charge on my account.,billing,4
3690,How does the platform work?,general,2
1285,Something is broken and I cannot export a report.,technical,3
2636,My account is locked and I cannot sign in.,account,5
715,The software freezes when I download a file.,technical,5
3167,I do not recognize a charge on my account.,billing,4
1795,I cannot log into my account.,account,5
3049,I do not recognize a charge on my account.,billing,4
3882,I would like more information about your plans.,general,2
790,The software freezes when I upload a file.,technical,5
4433,Could you add bulk file uploads to the application?,feature_request,4
4572,I think the platform would be better with bulk file uploads.,feature_request,4
41,The system stops working whenever I upload a file.,technical,5
1681,I forgot my password and cannot access my account.,account,3
3760,Where can I find the documentation?,general,4
1822,I forgot my password and cannot access my account.,account,4
2181,I cannot log into my account.,account,4
3676,How does the platform work?,general,4
886,The system stops working whenever I open a document.,technical,3
1556,How can I change my password?,account,4
2646,I need help updating my profile information.,account,4
1015,The application crashes when I generate a document.,technical,4
3225,I was charged the wrong amount.,billing,3
2908,I was charged twice for my subscription.,billing,5
1192,The application is not working correctly when I import data.,technical,5
3441,I was charged twice for my subscription.,billing,3
3154,My payment was declined.,billing,5
3721,Where can I find the documentation?,general,2
1455,I keep receiving an error while trying to download a file.,technical,4
1415,I keep receiving an error while trying to export a report.,technical,4
1554,My account is locked and I cannot sign in.,account,3
2023,I need to update the email address on my profile.,account,5
2992,How can I change my payment method?,billing,4
1442,The software freezes when I download a file.,technical,4
3808,I would like more information about your plans.,general,3
3387,My payment was declined.,billing,5
3716,I have a general question about the service.,general,4
4844,I want to close my account and cancel the service.,cancellation,4
4813,How do I terminate my subscription?,cancellation,4
1003,There is a bug preventing me from download a file.,technical,5
4432,It would be useful to have custom notifications.,feature_request,5
1836,How do I change my account permissions?,account,5
1878,I need help updating my profile information.,account,4
1995,I need help updating my profile information.,account,5
3939,Can you tell me more about the platform?,general,2
3260,I need a copy of my invoice.,billing,5
467,There is a bug preventing me from save a project.,technical,5
3972,Can you tell me more about the platform?,general,3
2560,I cannot log into my account.,account,5
118,I am getting an error when I try to generate a document.,technical,4
3284,I need a copy of my invoice.,billing,4
2017,I forgot my password and cannot access my account.,account,5
276,Something is broken and I cannot download a file.,technical,4
1034,I am getting an error when I try to generate a document.,technical,5
399,I am getting an error when I try to import data.,technical,5
2498,I cannot access my account after changing my password.,account,4
701,The software freezes when I save a project.,technical,5
3645,Can you explain how this works?,general,5
3619,Can you tell me more about the platform?,general,5
4207,Can you tell me more about the platform?,general,3
4384,Could you add calendar integration to the application?,feature_request,5
2229,I need help updating my profile information.,account,5
3816,Can you give me more information about the service?,general,4
3865,How does the platform work?,general,2
1558,My account is locked and I cannot sign in.,account,5
1678,I need to update the email address on my profile.,account,5
300,The software freezes when I generate a document.,technical,5
2045,I need to update the email address on my profile.,account,4
1673,I need help updating my profile information.,account,3
1650,My account is locked and I cannot sign in.,account,4
2726,Why was I charged for this month?,billing,5
1818,My account is locked and I cannot sign in.,account,4
1485,The application is not working correctly when I save a project.,technical,3
4376,It would be useful to have dark mode.,feature_request,4
216,The system stops working whenever I generate a document.,technical,3
813,Something is broken and I cannot open the dashboard.,technical,5
829,I keep receiving an error while trying to export a report.,technical,5
3554,I need a copy of my invoice.,billing,5
4810,How can I cancel my account?,cancellation,3
2263,How can I change my password?,account,5
2207,I cannot access my account after changing my password.,account,5
4653,I would like to request a new feature for additional export formats.,feature_request,5
3193,How can I change my payment method?,billing,4
2656,I need help updating my profile information.,account,4
3974,I would like more information about your plans.,general,4
2391,How can I change my password?,account,5
3155,How can I change my payment method?,billing,4
965,I keep receiving an error while trying to import data.,technical,5
2404,I need to update the email address on my profile.,account,4
3762,Can you explain how this works?,general,5
2814,My payment was declined.,billing,5
476,I am getting an error when I try to import data.,technical,3
4378,I would like the platform to support calendar integration.,feature_request,3
3092,I need a copy of my invoice.,billing,5
2457,My account is locked and I cannot sign in.,account,5
4575,I think the platform would be better with advanced reporting.,feature_request,5
2370,I forgot my password and cannot access my account.,account,5
4792,I want to stop using the service.,cancellation,3
1918,My account is locked and I cannot sign in.,account,5
4771,I want to close my account and cancel the service.,cancellation,3
3719,Can you give me more information about the service?,general,4
628,The application is not working correctly when I open a document.,technical,5
3359,My payment was declined.,billing,3
3834,Can you give me more information about the service?,general,4
1691,I cannot access my account after changing my password.,account,5
1296,The system stops working whenever I open the dashboard.,technical,4
2511,My account is locked and I cannot sign in.,account,4
1811,I need help updating my profile information.,account,5
940,The software freezes when I import data.,technical,5
1471,The system stops working whenever I generate a document.,technical,5
3382,I was charged twice for my subscription.,billing,5
4043,Can you explain how this works?,general,5
836,I keep receiving an error while trying to open a document.,technical,5
1370,The system stops working whenever I open the dashboard.,technical,4
4773,I want to cancel my subscription.,cancellation,4
760,There is a bug preventing me from save a project.,technical,5
4804,How can I cancel my account?,cancellation,4
1087,The application is not working correctly when I open the dashboard.,technical,5
3986,I have a general question about the service.,general,4
410,The system stops working whenever I export a report.,technical,4
1408,There is a bug preventing me from save a project.,technical,5
4490,I would like the platform to support a mobile application.,feature_request,4
680,The application crashes when I open a document.,technical,4
2318,My account is locked and I cannot sign in.,account,5
308,I keep receiving an error while trying to export a report.,technical,5
1582,How do I change my account permissions?,account,4
1750,I need help updating my profile information.,account,4
248,The software freezes when I open the dashboard.,technical,5
2317,My account is locked and I cannot sign in.,account,4
3634,Where can I find more information about this product?,general,3
4264,Can you explain how this works?,general,3
4603,Please consider adding advanced reporting in a future update.,feature_request,4
4194,Where can I find more information about this product?,general,3
146,I am getting an error when I try to open the dashboard.,technical,4
3428,How can I change my payment method?,billing,5
4018,I have a general question about the service.,general,3
3707,How does the platform work?,general,2
2145,I cannot log into my account.,account,4
2021,My account is locked and I cannot sign in.,account,4
2274,I need to update the email address on my profile.,account,4
3636,Where can I find the documentation?,general,3
2856,I was charged the wrong amount.,billing,5
2825,My payment was declined.,billing,5
1994,How do I change my account permissions?,account,5
610,The software freezes when I open the dashboard.,technical,4
4697,It would be useful to have a mobile application.,feature_request,4
1942,I cannot log into my account.,account,5
2182,I forgot my password and cannot access my account.,account,4
4094,How does the platform work?,general,4
3563,I was charged twice for my subscription.,billing,4
4359,Is it possible to add an improved search system?,feature_request,5
3015,I was charged the wrong amount.,billing,5
2845,I was charged the wrong amount.,billing,5
1366,The software freezes when I import data.,technical,5
4747,Could you implement additional export formats?,feature_request,5
710,The application is not working correctly when I import data.,technical,4
3041,I was charged the wrong amount.,billing,3
3000,I do not recognize a charge on my account.,billing,5
1587,I forgot my password and cannot access my account.,account,4
2532,How can I change my password?,account,3
1250,There is a bug preventing me from save a project.,technical,5
2089,How can I change my password?,account,5
3577,My payment was declined.,billing,5
4652,I think the platform would be better with additional export formats.,feature_request,4
2094,My account is locked and I cannot sign in.,account,5
2581,How can I change my password?,account,5
1068,There is a bug preventing me from open the dashboard.,technical,4
2377,I need to update the email address on my profile.,account,4
3085,The subscription price on my invoice is incorrect.,billing,3
4992,How do I terminate my subscription?,cancellation,4
4197,Where can I find more information about this product?,general,3
2960,How can I change my payment method?,billing,5
2433,I cannot log into my account.,account,5
3600,I was charged the wrong amount.,billing,5
1890,I forgot my password and cannot access my account.,account,4
404,I am getting an error when I try to export a report.,technical,4
3606,Can you tell me more about the platform?,general,5
214,The application is not working correctly when I export a report.,technical,4
1252,I keep receiving an error while trying to upload a file.,technical,5
1384,The application crashes when I import data.,technical,4
2756,The subscription price on my invoice is incorrect.,billing,3
3888,How does the platform work?,general,4
1244,I am getting an error when I try to upload a file.,technical,5
2577,How can I change my password?,account,4
4221,Can you give me more information about the service?,general,3
2155,How do I change my account permissions?,account,5
2599,I need help updating my profile information.,account,5
1265,The application is not working correctly when I save a project.,technical,5
3022,Why was I charged for this month?,billing,4
948,There is a bug preventing me from save a project.,technical,4
1460,The system stops working whenever I export a report.,technical,5
1345,The application crashes when I save a project.,technical,5
4397,I would like the platform to support additional export formats.,feature_request,4
712,The software freezes when I open the dashboard.,technical,5
2530,I need help updating my profile information.,account,3
2205,My account is locked and I cannot sign in.,account,4
1024,Something is broken and I cannot save a project.,technical,5
1520,I need help updating my profile information.,account,5
1562,I forgot my password and cannot access my account.,account,5
1967,I forgot my password and cannot access my account.,account,4
2690,How can I change my password?,account,5
2360,I cannot access my account after changing my password.,account,5
4893,How can I cancel my account?,cancellation,4
208,I keep receiving an error while trying to import data.,technical,5
3981,Where can I find more information about this product?,general,4
4784,I would like to cancel my plan.,cancellation,5
4109,I would like more information about your plans.,general,2
411,The application is not working correctly when I export a report.,technical,4
3576,My payment was declined.,billing,5
3326,I was charged the wrong amount.,billing,5
2961,The subscription price on my invoice is incorrect.,billing,5
2660,How can I change my password?,account,4
3217,I need a copy of my invoice.,billing,5
3346,I was charged twice for my subscription.,billing,4
1156,The application crashes when I upload a file.,technical,5
1487,The application is not working correctly when I import data.,technical,5
4849,How can I cancel my account?,cancellation,5
900,The software freezes when I export a report.,technical,4
4491,Could you implement additional export formats?,feature_request,4
4392,Please consider adding an improved search system in a future update.,feature_request,3
1668,I cannot access my account after changing my password.,account,5
75,There is a bug preventing me from upload a file.,technical,5
3351,I was charged the wrong amount.,billing,4
3240,I need a copy of my invoice.,billing,3
3006,Why was I charged for this month?,billing,5
412,The system stops working whenever I open a document.,technical,4
2070,My account is locked and I cannot sign in.,account,4
3806,Can you tell me more about the platform?,general,5
4158,I would like more information about your plans.,general,4
1616,I cannot access my account after changing my password.,account,4
369,I keep receiving an error while trying to save a project.,technical,5
1781,I forgot my password and cannot access my account.,account,5
3010,The subscription price on my invoice is incorrect.,billing,5
2910,I do not recognize a charge on my account.,billing,4
3330,The subscription price on my invoice is incorrect.,billing,3
727,The system stops working whenever I open a document.,technical,5
1612,I cannot access my account after changing my password.,account,4
3121,I do not recognize a charge on my account.,billing,4
4672,Could you implement an improved search system?,feature_request,3
1418,I keep receiving an error while trying to open the dashboard.,technical,4
4582,It would be useful to have advanced reporting.,feature_request,4
2246,I cannot log into my account.,account,4
1535,I cannot access my account after changing my password.,account,5
1789,I cannot access my account after changing my password.,account,5
2091,I cannot log into my account.,account,3
613,Something is broken and I cannot save a project.,technical,5
3413,My payment was declined.,billing,4
4501,I think the platform would be better with calendar integration.,feature_request,3
1260,The application is not working correctly when I open a document.,technical,4
2352,How can I change my password?,account,5
1941,How can I change my password?,account,4
1204,The software freezes when I export a report.,technical,5
3247,I was charged twice for my subscription.,billing,4
327,I am getting an error when I try to save a project.,technical,3
3742,I would like more information about your plans.,general,3
1639,I cannot access my account after changing my password.,account,5
1509,I forgot my password and cannot access my account.,account,4
4300,Can you explain how this works?,general,3
246,The system stops working whenever I open the dashboard.,technical,5
8,The system stops working whenever I download a file.,technical,4
4709,Could you add advanced reporting to the application?,feature_request,4
3625,Can you give me more information about the service?,general,3
3601,How does the platform work?,general,4
837,The software freezes when I export a report.,technical,5
4937,Please help me cancel my subscription.,cancellation,4
3615,Can you give me more information about the service?,general,5
1676,How do I change my account permissions?,account,5
193,The application is not working correctly when I import data.,technical,5
2586,I cannot access my account after changing my password.,account,5
4073,How does the platform work?,general,4
3222,I need a copy of my invoice.,billing,5
2850,How can I change my payment method?,billing,5
3517,My payment was declined.,billing,4
1735,I need to update the email address on my profile.,account,5
1263,I am getting an error when I try to export a report.,technical,4
2894,I was charged the wrong amount.,billing,5
4181,Can you give me more information about the service?,general,4
1907,I cannot access my account after changing my password.,account,4
1610,I cannot log into my account.,account,4
328,The application crashes when I generate a document.,technical,5
4720,It would be useful to have custom notifications.,feature_request,2
1133,There is a bug preventing me from open the dashboard.,technical,5
4095,Where can I find the documentation?,general,5
3400,I need a copy of my invoice.,billing,5
1356,There is a bug preventing me from open the dashboard.,technical,5
903,The application crashes when I save a project.,technical,4
13,I am getting an error when I try to download a file.,technical,3
2991,I was charged twice for my subscription.,billing,5
4903,I want to stop using the service.,cancellation,5
2221,I need help updating my profile information.,account,4
180,I am getting an error when I try to save a project.,technical,5
869,The application crashes when I export a report.,technical,5
3743,Where can I find more information about this product?,general,5
3069,Why was I charged for this month?,billing,5
3381,I was charged twice for my subscription.,billing,4
4298,Can you explain how this works?,general,2
1601,My account is locked and I cannot sign in.,account,4
1095,The system stops working whenever I open a document.,technical,5
3033,My payment was declined.,billing,5
2315,I cannot access my account after changing my password.,account,5
1387,The application crashes when I export a report.,technical,4
4985,I want to stop using the service.,cancellation,5
1066,The application is not working correctly when I generate a document.,technical,4
799,I keep receiving an error while trying to open a document.,technical,4
1787,I cannot log into my account.,account,4
2571,How can I change my password?,account,4
3960,How does the platform work?,general,3
986,There is a bug preventing me from import data.,technical,5
4744,I would like to request a new feature for a mobile application.,feature_request,3
2898,I was charged twice for my subscription.,billing,5
4600,Is it possible to add bulk file uploads?,feature_request,5
3379,How can I change my payment method?,billing,5
1917,How can I change my password?,account,5
3543,How can I change my payment method?,billing,4
1052,There is a bug preventing me from upload a file.,technical,4
1452,The application is not working correctly when I generate a document.,technical,4
436,I am getting an error when I try to generate a document.,technical,5
580,There is a bug preventing me from upload a file.,technical,5
3884,I would like more information about your plans.,general,4
4007,I have a general question about the service.,general,3
780,I keep receiving an error while trying to open the dashboard.,technical,3
511,There is a bug preventing me from open a document.,technical,3
3994,I would like more information about your plans.,general,5
3013,My payment was declined.,billing,4
4008,I would like more information about your plans.,general,4
4954,How can I cancel my account?,cancellation,2
2704,How can I change my payment method?,billing,5
1760,How can I change my password?,account,4
1981,I forgot my password and cannot access my account.,account,5
1013,The software freezes when I save a project.,technical,4
4546,Please consider adding advanced reporting in a future update.,feature_request,3
3107,My payment was declined.,billing,4
2170,How can I change my password?,account,5
4333,Could you add bulk file uploads to the application?,feature_request,5
3239,I do not recognize a charge on my account.,billing,4
2372,I need to update the email address on my profile.,account,4
4147,Where can I find more information about this product?,general,4
140,I am getting an error when I try to open the dashboard.,technical,4
3869,Where can I find the documentation?,general,3
2857,I was charged twice for my subscription.,billing,4
984,There is a bug preventing me from open a document.,technical,5
3524,I was charged twice for my subscription.,billing,4
3062,I was charged twice for my subscription.,billing,5
211,The system stops working whenever I export a report.,technical,4
2275,How do I change my account permissions?,account,3
3285,I need a copy of my invoice.,billing,5
606,The application crashes when I open a document.,technical,5
1999,I forgot my password and cannot access my account.,account,5
1458,The system stops working whenever I upload a file.,technical,4
4530,Could you add an improved search system to the application?,feature_request,2
454,The application crashes when I open the dashboard.,technical,5
439,The application crashes when I import data.,technical,4
4010,Where can I find the documentation?,general,2
98,The system stops working whenever I generate a document.,technical,4
11,I am getting an error when I try to import data.,technical,5
1134,The application is not working correctly when I generate a document.,technical,5
3215,My payment was declined.,billing,5
4282,I would like more information about your plans.,general,4
2622,My account is locked and I cannot sign in.,account,3
4180,I would like more information about your plans.,general,5
1984,How do I change my account permissions?,account,4
3847,I would like more information about your plans.,general,2
2861,I was charged the wrong amount.,billing,4
222,Something is broken and I cannot open a document.,technical,5
2888,How can I change my payment method?,billing,5
4701,I think the platform would be better with an improved search system.,feature_request,4
485,I am getting an error when I try to open the dashboard.,technical,3
1199,The system stops working whenever I generate a document.,technical,5
1645,How do I change my account permissions?,account,4
4916,Please help me cancel my subscription.,cancellation,4
4927,I would like to cancel my plan.,cancellation,2
2696,I forgot my password and cannot access my account.,account,3
4280,Can you give me more information about the service?,general,3
2638,My account is locked and I cannot sign in.,account,5
2371,I forgot my password and cannot access my account.,account,5
937,Something is broken and I cannot export a report.,technical,3
3486,The subscription price on my invoice is incorrect.,billing,4
3756,How does the platform work?,general,5
2838,Why was I charged for this month?,billing,5
1951,I forgot my password and cannot access my account.,account,3
1814,I cannot access my account after changing my password.,account,5
147,Something is broken and I cannot import data.,technical,5
4467,Please consider adding calendar integration in a future update.,feature_request,4
4135,Can you tell me more about the platform?,general,5
2807,I was charged the wrong amount.,billing,5
482,I keep receiving an error while trying to import data.,technical,5
1258,The application crashes when I open the dashboard.,technical,5
3458,I do not recognize a charge on my account.,billing,4
27,Something is broken and I cannot save a project.,technical,4
2635,I cannot log into my account.,account,5
398,The application crashes when I download a file.,technical,3
4034,Can you tell me more about the platform?,general,4
1411,The software freezes when I generate a document.,technical,5
1262,There is a bug preventing me from open a document.,technical,4
4642,Is it possible to add custom notifications?,feature_request,3
3509,Why was I charged for this month?,billing,4
2002,I cannot log into my account.,account,3
2924,I was charged twice for my subscription.,billing,5
804,Something is broken and I cannot generate a document.,technical,4
603,The system stops working whenever I download a file.,technical,5
2775,I need a copy of my invoice.,billing,5
1185,The system stops working whenever I save a project.,technical,4
4848,I do not want to renew my subscription.,cancellation,4
4649,Could you add bulk file uploads to the application?,feature_request,4
3687,Can you explain how this works?,general,4
241,Something is broken and I cannot generate a document.,technical,5
1145,The system stops working whenever I open a document.,technical,4
1555,I cannot log into my account.,account,4
2942,Why was I charged for this month?,billing,5
3692,How does the platform work?,general,4
2711,How can I change my payment method?,billing,4
661,Something is broken and I cannot upload a file.,technical,4
741,The software freezes when I open a document.,technical,3
3809,Can you give me more information about the service?,general,5
4089,Can you give me more information about the service?,general,4
3846,Can you give me more information about the service?,general,5
2222,I cannot access my account after changing my password.,account,4
2488,I need help updating my profile information.,account,4
2183,My account is locked and I cannot sign in.,account,5
2974,I do not recognize a charge on my account.,billing,4
102,The system stops working whenever I download a file.,technical,4
2208,How do I change my account permissions?,account,3
3181,I do not recognize a charge on my account.,billing,5
2797,How can I change my payment method?,billing,4
872,I keep receiving an error while trying to save a project.,technical,4
904,The application crashes when I download a file.,technical,3
2232,How can I change my password?,account,5
1893,How do I change my account permissions?,account,5
543,The application crashes when I save a project.,technical,4
4159,How does the platform work?,general,4
2210,My account is locked and I cannot sign in.,account,5
1130,The application crashes when I open a document.,technical,5
906,The application is not working correctly when I import data.,technical,3
2666,I cannot log into my account.,account,5
1850,I cannot access my account after changing my password.,account,4
916,There is a bug preventing me from download a file.,technical,5
2551,I forgot my password and cannot access my account.,account,5
4768,I want to close my account and cancel the service.,cancellation,5
4938,I do not want to renew my subscription.,cancellation,4
3940,Can you explain how this works?,general,4
2243,I cannot access my account after changing my password.,account,4
1405,The application is not working correctly when I import data.,technical,4
3171,I need a copy of my invoice.,billing,4
2880,My payment was declined.,billing,4
865,I am getting an error when I try to export a report.,technical,5
3236,The subscription price on my invoice is incorrect.,billing,4
4468,Is it possible to add a mobile application?,feature_request,3
4865,I want to cancel my subscription.,cancellation,4
3925,Where can I find more information about this product?,general,3
4536,I would like to request a new feature for a mobile application.,feature_request,3
1128,Something is broken and I cannot export a report.,technical,5
85,I am getting an error when I try to upload a file.,technical,5
3306,I was charged twice for my subscription.,billing,5
3699,Can you explain how this works?,general,5
4853,I want to stop using the service.,cancellation,5
1161,The software freezes when I download a file.,technical,5
4199,I have a general question about the service.,general,4
1070,I keep receiving an error while trying to generate a document.,technical,4
4555,Could you add a mobile application to the application?,feature_request,5
1398,The system stops working whenever I open the dashboard.,technical,5
103,The application is not working correctly when I import data.,technical,5
4591,Could you add an improved search system to the application?,feature_request,5
296,The application is not working correctly when I open the dashboard.,technical,4
1082,The system stops working whenever I generate a document.,technical,5
2781,Why was I charged for this month?,billing,5
1298,The system stops working whenever I save a project.,technical,4
3622,How does the platform work?,general,3
3973,Where can I find the documentation?,general,5
1358,I am getting an error when I try to open a document.,technical,5
1688,How can I change my password?,account,4
3553,I was charged twice for my subscription.,billing,4
391,The application is not working correctly when I upload a file.,technical,4
972,There is a bug preventing me from save a project.,technical,4
80,There is a bug preventing me from upload a file.,technical,5
1985,I cannot access my account after changing my password.,account,4
1170,The application crashes when I export a report.,technical,5
4218,Can you explain how this works?,general,4
864,I keep receiving an error while trying to save a project.,technical,4
3071,I was charged twice for my subscription.,billing,4
730,The software freezes when I import data.,technical,3
3083,I was charged the wrong amount.,billing,4
4922,I want to close my account and cancel the service.,cancellation,4
4210,Can you explain how this works?,general,4
490,The application crashes when I import data.,technical,4
194,I am getting an error when I try to generate a document.,technical,5
4099,Can you explain how this works?,general,3
2801,I need a copy of my invoice.,billing,4
2410,I cannot access my account after changing my password.,account,4
2419,My account is locked and I cannot sign in.,account,5
1195,Something is broken and I cannot download a file.,technical,5
963,The software freezes when I import data.,technical,5
4,The application crashes when I upload a file.,technical,3
1322,I am getting an error when I try to download a file.,technical,4
2102,I cannot access my account after changing my password.,account,4
2585,How can I change my password?,account,5
3091,I was charged the wrong amount.,billing,4
2136,My account is locked and I cannot sign in.,account,5
4824,I would like to cancel my plan.,cancellation,3
3671,How does the platform work?,general,3
1689,How can I change my password?,account,4
775,Something is broken and I cannot save a project.,technical,4
637,Something is broken and I cannot open a document.,technical,5
2342,My account is locked and I cannot sign in.,account,5
3136,I was charged the wrong amount.,billing,3
2016,How can I change my password?,account,5
2718,I do not recognize a charge on my account.,billing,5
2712,Why was I charged for this month?,billing,5
3347,How can I change my payment method?,billing,5
1611,How do I change my account permissions?,account,4
2757,I need a copy of my invoice.,billing,5
2305,How do I change my account permissions?,account,4
264,The system stops working whenever I open the dashboard.,technical,5
1011,The application is not working correctly when I download a file.,technical,5
1257,The application is not working correctly when I export a report.,technical,4
4630,I would like to request a new feature for dark mode.,feature_request,5
1332,The software freezes when I export a report.,technical,4
1043,Something is broken and I cannot open a document.,technical,5
2607,I forgot my password and cannot access my account.,account,3
1753,My account is locked and I cannot sign in.,account,5
4308,I would like to request a new feature for additional export formats.,feature_request,2
4961,How can I cancel my account?,cancellation,3
4413,I think the platform would be better with additional export formats.,feature_request,3
1403,The application is not working correctly when I open the dashboard.,technical,5
2367,I need help updating my profile information.,account,5
3454,How can I change my payment method?,billing,5
2472,How can I change my password?,account,4
3274,I was charged twice for my subscription.,billing,4
3497,I was charged twice for my subscription.,billing,5
4503,Is it possible to add additional export formats?,feature_request,3
3345,I was charged the wrong amount.,billing,4
2216,I cannot access my account after changing my password.,account,5
1821,I cannot log into my account.,account,3
2158,How can I change my password?,account,5
586,Something is broken and I cannot download a file.,technical,4
3642,Can you explain how this works?,general,3
3928,Where can I find the documentation?,general,4
2271,I cannot access my account after changing my password.,account,5
3289,I do not recognize a charge on my account.,billing,5
3662,I have a general question about the service.,general,4
3133,The subscription price on my invoice is incorrect.,billing,5
4514,Could you add dark mode to the application?,feature_request,4
2401,My account is locked and I cannot sign in.,account,4
3822,I would like more information about your plans.,general,4
3129,I was charged the wrong amount.,billing,5
2399,My account is locked and I cannot sign in.,account,4
2449,My account is locked and I cannot sign in.,account,5
3014,My payment was declined.,billing,5
3975,Where can I find more information about this product?,general,4
49,There is a bug preventing me from generate a document.,technical,4
4703,Is it possible to add calendar integration?,feature_request,4
978,The software freezes when I open the dashboard.,technical,5
3048,The subscription price on my invoice is incorrect.,billing,4
1638,How can I change my password?,account,3
4071,Can you give me more information about the service?,general,4
4879,I want to close my account and cancel the service.,cancellation,2
1359,I keep receiving an error while trying to open a document.,technical,5
1517,How can I change my password?,account,5
3828,I would like more information about your plans.,general,4
4500,Please consider adding bulk file uploads in a future update.,feature_request,4
3496,Why was I charged for this month?,billing,4
3648,How does the platform work?,general,3
2948,I was charged twice for my subscription.,billing,4
2774,I was charged twice for my subscription.,billing,5
1330,The application is not working correctly when I generate a document.,technical,5
4788,I want to close my account and cancel the service.,cancellation,4
3894,I have a general question about the service.,general,4
251,I keep receiving an error while trying to download a file.,technical,5
2375,My account is locked and I cannot sign in.,account,4
3801,I would like more information about your plans.,general,5
1392,The software freezes when I export a report.,technical,4
2068,I forgot my password and cannot access my account.,account,5
2290,My account is locked and I cannot sign in.,account,4
2291,I need to update the email address on my profile.,account,4
749,The application is not working correctly when I open the dashboard.,technical,5
372,The application is not working correctly when I import data.,technical,4
4257,Where can I find more information about this product?,general,2
3875,Where can I find more information about this product?,general,3
2848,How can I change my payment method?,billing,4
1354,I keep receiving an error while trying to import data.,technical,5
1293,The software freezes when I export a report.,technical,5
4299,I have a general question about the service.,general,5
2054,How do I change my account permissions?,account,4
792,I am getting an error when I try to open a document.,technical,5
4750,Please consider adding calendar integration in a future update.,feature_request,4
4361,Could you implement a mobile application?,feature_request,4
3516,I need a copy of my invoice.,billing,5
1970,I cannot access my account after changing my password.,account,4
4920,I would like to cancel my plan.,cancellation,3
746,The system stops working whenever I save a project.,technical,4
2752,I do not recognize a charge on my account.,billing,4
1162,I am getting an error when I try to open the dashboard.,technical,4
4979,Please help me cancel my subscription.,cancellation,4
1186,I keep receiving an error while trying to download a file.,technical,4
298,The system stops working whenever I open a document.,technical,4
4702,It would be useful to have calendar integration.,feature_request,4
3003,My payment was declined.,billing,4
782,The application crashes when I open a document.,technical,3
649,The software freezes when I open the dashboard.,technical,5
757,The software freezes when I import data.,technical,4
4571,It would be useful to have advanced reporting.,feature_request,5
4304,Is it possible to add custom notifications?,feature_request,5
4658,Could you implement a mobile application?,feature_request,5
1868,How do I change my account permissions?,account,5
781,Something is broken and I cannot import data.,technical,3
3449,I was charged twice for my subscription.,billing,5
3177,The subscription price on my invoice is incorrect.,billing,5
4338,Is it possible to add advanced reporting?,feature_request,4
4640,I would like the platform to support bulk file uploads.,feature_request,4
2667,I cannot access my account after changing my password.,account,5
336,I keep receiving an error while trying to import data.,technical,3
1111,The system stops working whenever I download a file.,technical,3
3402,Why was I charged for this month?,billing,4
4459,I think the platform would be better with bulk file uploads.,feature_request,4
2442,I cannot log into my account.,account,5
2048,I need to update the email address on my profile.,account,4
1254,The software freezes when I open a document.,technical,4
3720,Can you tell me more about the platform?,general,2
689,Something is broken and I cannot import data.,technical,5
3103,I do not recognize a charge on my account.,billing,4
883,The software freezes when I export a report.,technical,3
1294,I keep receiving an error while trying to import data.,technical,5
1278,Something is broken and I cannot save a project.,technical,4
3856,How does the platform work?,general,4
4301,I think the platform would be better with dark mode.,feature_request,4
4601,I think the platform would be better with additional export formats.,feature_request,5
3573,I need a copy of my invoice.,billing,5
744,The software freezes when I download a file.,technical,5
867,The application is not working correctly when I export a report.,technical,5
1315,The software freezes when I save a project.,technical,5
1489,I keep receiving an error while trying to export a report.,technical,4
3544,I was charged the wrong amount.,billing,5
2869,I need a copy of my invoice.,billing,5
4140,Can you give me more information about the service?,general,3
1631,I forgot my password and cannot access my account.,account,4
3017,I do not recognize a charge on my account.,billing,4
554,Something is broken and I cannot open the dashboard.,technical,5
1965,I need to update the email address on my profile.,account,5
4931,I do not want to renew my subscription.,cancellation,3
3571,My payment was declined.,billing,4
14,The application is not working correctly when I import data.,technical,5
1693,How can I change my password?,account,4
4000,Where can I find more information about this product?,general,4
1662,I cannot log into my account.,account,5
3655,Where can I find the documentation?,general,3
734,The application is not working correctly when I export a report.,technical,5
3100,I was charged twice for my subscription.,billing,5
3128,My payment was declined.,billing,4
529,The system stops working whenever I save a project.,technical,4
4635,Is it possible to add additional export formats?,feature_request,4
1846,I cannot log into my account.,account,3
186,The application crashes when I import data.,technical,5
3278,I was charged the wrong amount.,billing,5
2146,I forgot my password and cannot access my account.,account,3
3652,Can you explain how this works?,general,3
3572,Why was I charged for this month?,billing,5
3771,Where can I find the documentation?,general,4
2573,I need to update the email address on my profile.,account,5
4685,Is it possible to add a mobile application?,feature_request,5
4907,How do I terminate my subscription?,cancellation,4
3499,How can I change my payment method?,billing,4
1581,I need to update the email address on my profile.,account,4
315,The application is not working correctly when I open the dashboard.,technical,5
3647,How does the platform work?,general,5
4547,Please consider adding bulk file uploads in a future update.,feature_request,4
3336,I need a copy of my invoice.,billing,5
594,The software freezes when I download a file.,technical,5
3334,Why was I charged for this month?,billing,5
2589,I cannot log into my account.,account,5
2686,How do I change my account permissions?,account,5
2878,The subscription price on my invoice is incorrect.,billing,5
1270,I keep receiving an error while trying to open the dashboard.,technical,5
4574,It would be useful to have calendar integration.,feature_request,2
479,The application is not working correctly when I upload a file.,technical,4
1154,There is a bug preventing me from open the dashboard.,technical,4
1264,Something is broken and I cannot import data.,technical,5
3901,Can you tell me more about the platform?,general,3
1049,The system stops working whenever I open a document.,technical,4
1724,I forgot my password and cannot access my account.,account,5
28,There is a bug preventing me from generate a document.,technical,5
3616,Where can I find more information about this product?,general,4
1515,How do I change my account permissions?,account,5
2411,I cannot access my account after changing my password.,account,5
3325,The subscription price on my invoice is incorrect.,billing,4
2621,I need help updating my profile information.,account,4
4984,How can I cancel my account?,cancellation,5
4522,Is it possible to add dark mode?,feature_request,5
2527,How do I change my account permissions?,account,5
4960,Please help me cancel my subscription.,cancellation,5
2534,I need help updating my profile information.,account,4
4270,I have a general question about the service.,general,3
187,I keep receiving an error while trying to open a document.,technical,5
3211,Why was I charged for this month?,billing,3
1027,The software freezes when I export a report.,technical,5
1766,I cannot access my account after changing my password.,account,5
15,I am getting an error when I try to upload a file.,technical,5
725,The application is not working correctly when I save a project.,technical,5
852,There is a bug preventing me from open the dashboard.,technical,3
4519,Please consider adding advanced reporting in a future update.,feature_request,4
2142,I cannot log into my account.,account,4
842,Something is broken and I cannot upload a file.,technical,4
1137,I keep receiving an error while trying to download a file.,technical,5
1426,The software freezes when I generate a document.,technical,4
3949,Can you give me more information about the service?,general,2
4933,How can I cancel my account?,cancellation,5
1441,The application crashes when I import data.,technical,4
2467,How do I change my account permissions?,account,5
4990,I want to close my account and cancel the service.,cancellation,3
506,There is a bug preventing me from import data.,technical,4
535,I am getting an error when I try to save a project.,technical,5
3018,My payment was declined.,billing,4
2244,How do I change my account permissions?,account,3
4222,Where can I find the documentation?,general,5
4887,How do I terminate my subscription?,cancellation,5
209,The application is not working correctly when I generate a document.,technical,4
973,The system stops working whenever I import data.,technical,3
1939,I need to update the email address on my profile.,account,5
179,The application is not working correctly when I import data.,technical,4
1771,I cannot access my account after changing my password.,account,4
2784,I was charged the wrong amount.,billing,3
94,There is a bug preventing me from import data.,technical,4
3126,I need a copy of my invoice.,billing,5
4377,I would like the platform to support advanced reporting.,feature_request,2
1058,Something is broken and I cannot import data.,technical,4
832,I am getting an error when I try to open a document.,technical,4
541,The application is not working correctly when I generate a document.,technical,5
4799,I do not want to renew my subscription.,cancellation,5
316,The application is not working correctly when I import data.,technical,5
2201,I need help updating my profile information.,account,5
50,I keep receiving an error while trying to open the dashboard.,technical,5
4734,I would like to request a new feature for calendar integration.,feature_request,3
2907,I do not recognize a charge on my account.,billing,4
2414,I cannot log into my account.,account,5
4119,Where can I find more information about this product?,general,5
4394,I would like to request a new feature for bulk file uploads.,feature_request,5
3791,Can you tell me more about the platform?,general,5
1507,I forgot my password and cannot access my account.,account,5
1731,I need to update the email address on my profile.,account,5
936,The system stops working whenever I upload a file.,technical,5
3660,Can you tell me more about the platform?,general,4
2715,Why was I charged for this month?,billing,3
941,I am getting an error when I try to generate a document.,technical,5
517,Something is broken and I cannot open a document.,technical,5
3095,I do not recognize a charge on my account.,billing,5
2734,I was charged the wrong amount.,billing,3
1538,How can I change my password?,account,4
2594,I cannot log into my account.,account,4
3060,My payment was declined.,billing,5
1010,I am getting an error when I try to open the dashboard.,technical,5
2026,My account is locked and I cannot sign in.,account,4
4242,Where can I find more information about this product?,general,5
3445,The subscription price on my invoice is incorrect.,billing,5
189,Something is broken and I cannot open a document.,technical,4
4570,It would be useful to have custom notifications.,feature_request,3
2438,How can I change my password?,account,4
3206,How can I change my payment method?,billing,5
1782,How can I change my password?,account,4
827,The software freezes when I upload a file.,technical,5
624,I keep receiving an error while trying to generate a document.,technical,5
2067,My account is locked and I cannot sign in.,account,5
4637,Is it possible to add an improved search system?,feature_request,3
4216,Can you give me more information about the service?,general,4
4802,How can I cancel my account?,cancellation,4
673,There is a bug preventing me from generate a document.,technical,5
1231,I keep receiving an error while trying to open the dashboard.,technical,5
4505,I would like the platform to support advanced reporting.,feature_request,4
3971,How does the platform work?,general,5
4563,Please consider adding additional export formats in a future update.,feature_request,4
929,The software freezes when I open a document.,technical,5
3276,I was charged the wrong amount.,billing,4
1248,Something is broken and I cannot download a file.,technical,4
1277,There is a bug preventing me from upload a file.,technical,5
175,I am getting an error when I try to upload a file.,technical,5
3995,I have a general question about the service.,general,5
1225,Something is broken and I cannot upload a file.,technical,4
4827,I do not want to renew my subscription.,cancellation,5
3238,Why was I charged for this month?,billing,3
484,Something is broken and I cannot save a project.,technical,5
1885,How do I change my account permissions?,account,4
4926,I want to cancel my subscription.,cancellation,5
1319,The software freezes when I download a file.,technical,4
2039,How can I change my password?,account,5
3104,I need a copy of my invoice.,billing,4
2993,I was charged the wrong amount.,billing,4
4410,I would like to request a new feature for additional export formats.,feature_request,2
3437,The subscription price on my invoice is incorrect.,billing,5
4033,How does the platform work?,general,5
4508,Please consider adding dark mode in a future update.,feature_request,4
3130,I do not recognize a charge on my account.,billing,5
3853,I would like more information about your plans.,general,5
4052,Can you tell me more about the platform?,general,3
803,Something is broken and I cannot save a project.,technical,5
641,Something is broken and I cannot generate a document.,technical,5
345,The system stops working whenever I save a project.,technical,5
4265,Where can I find more information about this product?,general,2
1163,Something is broken and I cannot open a document.,technical,5
4730,Please consider adding additional export formats in a future update.,feature_request,4
4578,It would be useful to have additional export formats.,feature_request,5
3368,I was charged the wrong amount.,billing,3
4758,Please help me cancel my subscription.,cancellation,3
4764,I want to close my account and cancel the service.,cancellation,5
2920,How can I change my payment method?,billing,4
2809,The subscription price on my invoice is incorrect.,billing,5
706,The software freezes when I upload a file.,technical,3
3453,My payment was declined.,billing,4
1655,I need help updating my profile information.,account,5
4858,I want to cancel my subscription.,cancellation,5
2301,My account is locked and I cannot sign in.,account,4
4983,How do I terminate my subscription?,cancellation,4
2485,I forgot my password and cannot access my account.,account,3
4965,I would like to cancel my plan.,cancellation,4
3231,My payment was declined.,billing,5
1898,I cannot log into my account.,account,5
2984,My payment was declined.,billing,4
4823,I would like to cancel my plan.,cancellation,3
2028,I need help updating my profile information.,account,4
4143,Can you explain how this works?,general,3
774,There is a bug preventing me from open the dashboard.,technical,4
1148,The software freezes when I import data.,technical,5
1410,Something is broken and I cannot open the dashboard.,technical,5
217,The application crashes when I generate a document.,technical,5
3422,The subscription price on my invoice is incorrect.,billing,4
4025,How does the platform work?,general,5
2540,I forgot my password and cannot access my account.,account,4
1110,Something is broken and I cannot import data.,technical,5
3229,Why was I charged for this month?,billing,4
2295,I cannot access my account after changing my password.,account,5
2390,How can I change my password?,account,5
4245,Can you give me more information about the service?,general,3
2225,I cannot access my account after changing my password.,account,5
4733,Please consider adding custom notifications in a future update.,feature_request,5
2858,My payment was declined.,billing,3
2178,How can I change my password?,account,5
1661,I need help updating my profile information.,account,5
3918,Can you give me more information about the service?,general,5
2624,I need help updating my profile information.,account,5
1042,The application is not working correctly when I generate a document.,technical,4
2143,How can I change my password?,account,5
4660,Is it possible to add an improved search system?,feature_request,4
4696,Please consider adding a mobile application in a future update.,feature_request,4
1651,I need to update the email address on my profile.,account,5
2769,The subscription price on my invoice is incorrect.,billing,4
4106,I would like more information about your plans.,general,4
828,The system stops working whenever I save a project.,technical,4
3820,Can you tell me more about the platform?,general,4
1552,I need to update the email address on my profile.,account,5
4560,Is it possible to add calendar integration?,feature_request,4
2403,I cannot access my account after changing my password.,account,5
2176,I cannot access my account after changing my password.,account,5
1739,I need to update the email address on my profile.,account,5
2881,I was charged twice for my subscription.,billing,5
2226,I forgot my password and cannot access my account.,account,5
3759,How does the platform work?,general,4
2793,I need a copy of my invoice.,billing,5
242,The application is not working correctly when I open the dashboard.,technical,4
4166,Can you tell me more about the platform?,general,4
2316,I cannot access my account after changing my password.,account,5
2499,I need help updating my profile information.,account,5
4928,I want to close my account and cancel the service.,cancellation,5
4765,How can I cancel my account?,cancellation,2
756,There is a bug preventing me from open the dashboard.,technical,4
3679,Where can I find more information about this product?,general,4
1927,My account is locked and I cannot sign in.,account,5
3436,I do not recognize a charge on my account.,billing,5
3788,How does the platform work?,general,2
1365,There is a bug preventing me from export a report.,technical,5
2768,How can I change my payment method?,billing,3
4692,It would be useful to have custom notifications.,feature_request,2
3419,I need a copy of my invoice.,billing,5
969,The application crashes when I open a document.,technical,3
3545,My payment was declined.,billing,5
1117,The application crashes when I upload a file.,technical,5
3786,I have a general question about the service.,general,5
267,The system stops working whenever I download a file.,technical,4
777,The software freezes when I open a document.,technical,4
4946,How do I terminate my subscription?,cancellation,5
1980,My account is locked and I cannot sign in.,account,5
3987,I would like more information about your plans.,general,3
282,The application is not working correctly when I import data.,technical,5
2487,I need help updating my profile information.,account,5
4118,Where can I find more information about this product?,general,3
4115,Can you give me more information about the service?,general,4
549,I am getting an error when I try to generate a document.,technical,4
3196,I was charged twice for my subscription.,billing,5
1919,I need to update the email address on my profile.,account,5
1390,There is a bug preventing me from generate a document.,technical,5
2362,I forgot my password and cannot access my account.,account,4
735,I am getting an error when I try to generate a document.,technical,4
1126,There is a bug preventing me from import data.,technical,5
2826,I need a copy of my invoice.,billing,3
1879,I need to update the email address on my profile.,account,4
74,Something is broken and I cannot save a project.,technical,4
3969,Where can I find the documentation?,general,4
1960,I cannot log into my account.,account,4
558,The application is not working correctly when I open the dashboard.,technical,5
1462,I am getting an error when I try to export a report.,technical,4
321,Something is broken and I cannot import data.,technical,5
4233,I have a general question about the service.,general,2
2278,How do I change my account permissions?,account,4
938,I am getting an error when I try to save a project.,technical,4
1543,How do I change my account permissions?,account,5
87,The application is not working correctly when I save a project.,technical,5
3703,I have a general question about the service.,general,4
1944,I forgot my password and cannot access my account.,account,5
4462,Could you add dark mode to the application?,feature_request,5
3850,Where can I find the documentation?,general,3
4597,Please consider adding additional export formats in a future update.,feature_request,3
461,I am getting an error when I try to import data.,technical,4
745,There is a bug preventing me from save a project.,technical,5
3903,Can you explain how this works?,general,4
3988,Where can I find more information about this product?,general,3
4174,Where can I find more information about this product?,general,4
3811,Where can I find more information about this product?,general,2
3548,I need a copy of my invoice.,billing,5
1083,The system stops working whenever I import data.,technical,5
4714,Could you add dark mode to the application?,feature_request,4
1544,How can I change my password?,account,5
1859,I cannot log into my account.,account,3
4504,I would like to request a new feature for additional export formats.,feature_request,4
1039,I keep receiving an error while trying to export a report.,technical,3
2477,I need to update the email address on my profile.,account,3
450,There is a bug preventing me from import data.,technical,5
612,I am getting an error when I try to import data.,technical,4
1427,The application is not working correctly when I open the dashboard.,technical,5
4641,Is it possible to add bulk file uploads?,feature_request,3
4184,Where can I find the documentation?,general,4
3770,Can you tell me more about the platform?,general,4
722,The application crashes when I save a project.,technical,5
4798,How do I terminate my subscription?,cancellation,5
363,There is a bug preventing me from download a file.,technical,4
2806,I need a copy of my invoice.,billing,3
2854,I need a copy of my invoice.,billing,5
3814,I have a general question about the service.,general,3
1233,I am getting an error when I try to open a document.,technical,4
811,There is a bug preventing me from generate a document.,technical,3
1344,The software freezes when I generate a document.,technical,5
1773,How do I change my account permissions?,account,5
1532,I cannot access my account after changing my password.,account,3
4330,Is it possible to add calendar integration?,feature_request,5
1936,I cannot access my account after changing my password.,account,5
2086,My account is locked and I cannot sign in.,account,5
861,Something is broken and I cannot export a report.,technical,3
162,The software freezes when I export a report.,technical,5
4525,It would be useful to have custom notifications.,feature_request,2
2297,I need help updating my profile information.,account,4
170,Something is broken and I cannot import data.,technical,4
1806,My account is locked and I cannot sign in.,account,4
2936,I was charged twice for my subscription.,billing,5
3309,I was charged the wrong amount.,billing,5
4340,I think the platform would be better with calendar integration.,feature_request,2
4590,I think the platform would be better with a mobile application.,feature_request,3
429,The application is not working correctly when I download a file.,technical,4
2440,I cannot log into my account.,account,5
2281,I cannot log into my account.,account,5
3115,I was charged twice for my subscription.,billing,4
579,The system stops working whenever I download a file.,technical,4
2199,I need help updating my profile information.,account,5
464,The application is not working correctly when I open the dashboard.,technical,5
507,The application crashes when I save a project.,technical,5
4707,Could you add calendar integration to the application?,feature_request,3
1540,I cannot access my account after changing my password.,account,3
961,There is a bug preventing me from generate a document.,technical,5
2966,The subscription price on my invoice is incorrect.,billing,5
2470,My account is locked and I cannot sign in.,account,5
3793,Can you explain how this works?,general,3
990,I keep receiving an error while trying to generate a document.,technical,5
4406,Is it possible to add bulk file uploads?,feature_request,3
239,The system stops working whenever I open a document.,technical,3
1841,I forgot my password and cannot access my account.,account,5
2450,I cannot access my account after changing my password.,account,4
2927,My payment was declined.,billing,5
2286,I need help updating my profile information.,account,4
4320,Is it possible to add bulk file uploads?,feature_request,2
1423,Something is broken and I cannot upload a file.,technical,3
2692,I need help updating my profile information.,account,5
4552,I would like the platform to support calendar integration.,feature_request,4
3736,How does the platform work?,general,5
4529,Is it possible to add bulk file uploads?,feature_request,3
4580,Could you add calendar integration to the application?,feature_request,4
2300,I need help updating my profile information.,account,4
2019,I need to update the email address on my profile.,account,3
3370,My payment was declined.,billing,5
4003,Can you give me more information about the service?,general,4
523,I keep receiving an error while trying to open the dashboard.,technical,5
846,The application is not working correctly when I open a document.,technical,5
2101,I forgot my password and cannot access my account.,account,3
4430,I would like to request a new feature for dark mode.,feature_request,3
847,The application is not working correctly when I open a document.,technical,4
2448,My account is locked and I cannot sign in.,account,3
1374,There is a bug preventing me from export a report.,technical,4
2214,My account is locked and I cannot sign in.,account,4
2329,I need help updating my profile information.,account,5
2777,I do not recognize a charge on my account.,billing,4
4368,Is it possible to add a mobile application?,feature_request,5
1680,How can I change my password?,account,5
3830,Where can I find more information about this product?,general,2
3105,I was charged twice for my subscription.,billing,3
3927,Where can I find the documentation?,general,3
1934,My account is locked and I cannot sign in.,account,5
3684,I would like more information about your plans.,general,3
1669,I cannot access my account after changing my password.,account,5
2864,Why was I charged for this month?,billing,5
4177,I have a general question about the service.,general,3
4835,How do I terminate my subscription?,cancellation,2
3630,Where can I find the documentation?,general,4
1872,How can I change my password?,account,5
2025,I forgot my password and cannot access my account.,account,4
868,There is a bug preventing me from download a file.,technical,4
1627,I cannot access my account after changing my password.,account,5
2522,I cannot access my account after changing my password.,account,5
2465,How can I change my password?,account,3
1692,I need help updating my profile information.,account,4
3461,I was charged the wrong amount.,billing,4
578,There is a bug preventing me from upload a file.,technical,5
2058,How can I change my password?,account,4
1001,The system stops working whenever I download a file.,technical,4
4317,I would like to request a new feature for dark mode.,feature_request,5
2083,I need help updating my profile information.,account,5
1738,I need to update the email address on my profile.,account,3
3120,I do not recognize a charge on my account.,billing,4
4355,Is it possible to add a mobile application?,feature_request,4
4229,Can you explain how this works?,general,4
249,Something is broken and I cannot import data.,technical,4
695,I keep receiving an error while trying to generate a document.,technical,5
784,The system stops working whenever I export a report.,technical,5
880,The application is not working correctly when I open a document.,technical,5
4354,It would be useful to have additional export formats.,feature_request,5
1091,The software freezes when I upload a file.,technical,5
3980,Can you explain how this works?,general,5
1848,I cannot log into my account.,account,5
457,The system stops working whenever I download a file.,technical,3
424,The system stops working whenever I upload a file.,technical,5
3257,The subscription price on my invoice is incorrect.,billing,5
271,The application is not working correctly when I open the dashboard.,technical,5
470,There is a bug preventing me from download a file.,technical,5
2529,How can I change my password?,account,5
3029,I was charged twice for my subscription.,billing,5
155,I am getting an error when I try to save a project.,technical,4
1715,How do I change my account permissions?,account,4
1804,I cannot log into my account.,account,4
1097,The application crashes when I open the dashboard.,technical,4
2493,I need to update the email address on my profile.,account,5
1045,Something is broken and I cannot import data.,technical,4
3560,The subscription price on my invoice is incorrect.,billing,5
2676,I need help updating my profile information.,account,5
4901,I want to stop using the service.,cancellation,3
4861,Please help me cancel my subscription.,cancellation,3
3137,I was charged twice for my subscription.,billing,5
3769,Where can I find more information about this product?,general,3
4935,Please help me cancel my subscription.,cancellation,3
1135,I am getting an error when I try to save a project.,technical,5
3099,Why was I charged for this month?,billing,4
304,The application is not working correctly when I upload a file.,technical,5
4039,Can you tell me more about the platform?,general,4
183,There is a bug preventing me from open a document.,technical,5
4379,I think the platform would be better with an improved search system.,feature_request,4
1328,I keep receiving an error while trying to download a file.,technical,4
854,The software freezes when I save a project.,technical,5
4512,I would like the platform to support an improved search system.,feature_request,5
3392,I need a copy of my invoice.,billing,4
3551,I do not recognize a charge on my account.,billing,5
588,I keep receiving an error while trying to import data.,technical,5
333,The application is not working correctly when I upload a file.,technical,5
2904,The subscription price on my invoice is incorrect.,billing,4
4940,I want to cancel my subscription.,cancellation,5
3712,Can you explain how this works?,general,3
4948,How do I terminate my subscription?,cancellation,3
40,There is a bug preventing me from save a project.,technical,4
4087,I have a general question about the service.,general,4
1443,The software freezes when I download a file.,technical,4
4695,Please consider adding an improved search system in a future update.,feature_request,4
4684,Could you add a mobile application to the application?,feature_request,4
2005,I need to update the email address on my profile.,account,5
545,The system stops working whenever I import data.,technical,5
4676,Could you add dark mode to the application?,feature_request,4
812,There is a bug preventing me from generate a document.,technical,4
3968,Can you explain how this works?,general,2
440,There is a bug preventing me from import data.,technical,5
84,The application is not working correctly when I open the dashboard.,technical,4
2749,The subscription price on my invoice is incorrect.,billing,4
3812,I have a general question about the service.,general,4
4497,I would like to request a new feature for a mobile application.,feature_request,5
2077,I forgot my password and cannot access my account.,account,5
3508,I do not recognize a charge on my account.,billing,5
3696,Can you explain how this works?,general,5
2945,I do not recognize a charge on my account.,billing,4
2518,How do I change my account permissions?,account,5
4150,I would like more information about your plans.,general,2
3758,Can you explain how this works?,general,4
4668,I would like to request a new feature for a mobile application.,feature_request,4
1563,I cannot log into my account.,account,5
4021,Where can I find more information about this product?,general,3
1726,How do I change my account permissions?,account,4
139,There is a bug preventing me from open the dashboard.,technical,5
3064,I was charged the wrong amount.,billing,4
360,The application is not working correctly when I open the dashboard.,technical,5
3304,Why was I charged for this month?,billing,5
1567,I need help updating my profile information.,account,5
1096,The system stops working whenever I import data.,technical,5
4551,Is it possible to add calendar integration?,feature_request,4
4312,Could you implement a mobile application?,feature_request,3
1888,I cannot access my account after changing my password.,account,5
171,The software freezes when I generate a document.,technical,5
56,There is a bug preventing me from generate a document.,technical,5
126,I keep receiving an error while trying to import data.,technical,5
2976,How can I change my payment method?,billing,5
278,The system stops working whenever I import data.,technical,5
4311,Please consider adding custom notifications in a future update.,feature_request,3
2687,My account is locked and I cannot sign in.,account,4
778,The system stops working whenever I import data.,technical,4
561,The application is not working correctly when I import data.,technical,5
226,I am getting an error when I try to download a file.,technical,5
1167,The application crashes when I open a document.,technical,5
1652,I forgot my password and cannot access my account.,account,4
2804,My payment was declined.,billing,5
2192,My account is locked and I cannot sign in.,account,4
4605,Please consider adding dark mode in a future update.,feature_request,3
755,The software freezes when I save a project.,technical,4
344,The application crashes when I generate a document.,technical,5
319,I keep receiving an error while trying to open a document.,technical,5
2132,I cannot access my account after changing my password.,account,5
2923,I need a copy of my invoice.,billing,4
2126,I need to update the email address on my profile.,account,4
4796,I want to cancel my subscription.,cancellation,5
1697,I need help updating my profile information.,account,5
646,Something is broken and I cannot upload a file.,technical,4
1583,I forgot my password and cannot access my account.,account,4
2479,I need to update the email address on my profile.,account,5
1396,The application is not working correctly when I export a report.,technical,5
4877,I want to cancel my subscription.,cancellation,5
4187,Can you tell me more about the platform?,general,4
1099,I am getting an error when I try to save a project.,technical,5
4624,I would like to request a new feature for dark mode.,feature_request,4
3907,Can you explain how this works?,general,5
4078,Can you give me more information about the service?,general,3
2010,I need help updating my profile information.,account,5
4060,Can you explain how this works?,general,5
4474,I would like the platform to support custom notifications.,feature_request,4
4631,It would be useful to have custom notifications.,feature_request,3
658,I am getting an error when I try to upload a file.,technical,5
2683,I cannot log into my account.,account,4
4986,I want to stop using the service.,cancellation,5
3490,I need a copy of my invoice.,billing,4
1101,Something is broken and I cannot download a file.,technical,3
3386,How can I change my payment method?,billing,5
2304,I need help updating my profile information.,account,5
2478,I cannot log into my account.,account,5
3305,My payment was declined.,billing,4
1713,How do I change my account permissions?,account,5
4329,I would like the platform to support bulk file uploads.,feature_request,4
3506,My payment was declined.,billing,5
583,There is a bug preventing me from download a file.,technical,5
2294,I need help updating my profile information.,account,5
1357,The application crashes when I generate a document.,technical,4
2855,My payment was declined.,billing,4
342,There is a bug preventing me from export a report.,technical,5
2118,I forgot my password and cannot access my account.,account,4
1078,The application crashes when I export a report.,technical,4
3535,How can I change my payment method?,billing,4
3695,Can you tell me more about the platform?,general,4
3580,I need a copy of my invoice.,billing,5
547,The system stops working whenever I import data.,technical,5
3066,Why was I charged for this month?,billing,4
1553,I cannot log into my account.,account,5
920,I am getting an error when I try to open a document.,technical,5
2080,I cannot access my account after changing my password.,account,5
1200,The system stops working whenever I upload a file.,technical,5
1966,How can I change my password?,account,5
125,There is a bug preventing me from import data.,technical,4
305,The software freezes when I generate a document.,technical,3
499,The software freezes when I save a project.,technical,5
3365,I do not recognize a charge on my account.,billing,5
2720,How can I change my payment method?,billing,4
4224,Where can I find more information about this product?,general,5
4820,Please help me cancel my subscription.,cancellation,5
4978,I want to close my account and cancel the service.,cancellation,5
600,There is a bug preventing me from export a report.,technical,3
3058,I was charged the wrong amount.,billing,3
3342,The subscription price on my invoice is incorrect.,billing,5
4666,Could you implement bulk file uploads?,feature_request,5
4454,Is it possible to add a mobile application?,feature_request,2
3849,Where can I find the documentation?,general,5
4435,It would be useful to have bulk file uploads.,feature_request,4
999,I am getting an error when I try to open a document.,technical,4
608,The system stops working whenever I download a file.,technical,5
3510,Why was I charged for this month?,billing,4
3432,How can I change my payment method?,billing,5
3593,My payment was declined.,billing,5
1102,There is a bug preventing me from import data.,technical,5
1831,I need to update the email address on my profile.,account,5
92,The system stops working whenever I generate a document.,technical,4
207,I keep receiving an error while trying to download a file.,technical,5
3825,Where can I find the documentation?,general,3
2717,I need a copy of my invoice.,billing,5
2761,I was charged twice for my subscription.,billing,4
4651,It would be useful to have a mobile application.,feature_request,5
1590,I need to update the email address on my profile.,account,4
919,The software freezes when I import data.,technical,5
460,I keep receiving an error while trying to export a report.,technical,4
3185,I was charged the wrong amount.,billing,4
1316,The system stops working whenever I open the dashboard.,technical,5
1413,I keep receiving an error while trying to download a file.,technical,5
35,The application crashes when I open a document.,technical,5
2512,My account is locked and I cannot sign in.,account,5
3174,I was charged the wrong amount.,billing,3
1309,Something is broken and I cannot open the dashboard.,technical,4
4456,I would like to request a new feature for an improved search system.,feature_request,4
3045,I do not recognize a charge on my account.,billing,5
3775,I have a general question about the service.,general,4
1636,I cannot access my account after changing my password.,account,4
443,I am getting an error when I try to upload a file.,technical,5
2970,How can I change my payment method?,billing,4
293,I am getting an error when I try to download a file.,technical,5
2689,My account is locked and I cannot sign in.,account,5
2790,I do not recognize a charge on my account.,billing,4
1378,The application crashes when I open the dashboard.,technical,4
3794,Can you give me more information about the service?,general,2
2779,My payment was declined.,billing,5
1080,I keep receiving an error while trying to generate a document.,technical,5
2130,I need help updating my profile information.,account,5
1421,I am getting an error when I try to export a report.,technical,4
1478,There is a bug preventing me from import data.,technical,5
2288,I forgot my password and cannot access my account.,account,4
4691,Please consider adding dark mode in a future update.,feature_request,5
2865,Why was I charged for this month?,billing,4
2330,I need to update the email address on my profile.,account,4
1565,My account is locked and I cannot sign in.,account,5
1593,I cannot log into my account.,account,4
400,The software freezes when I download a file.,technical,4
4326,I think the platform would be better with calendar integration.,feature_request,4
2782,I need a copy of my invoice.,billing,5
4722,Could you implement an improved search system?,feature_request,2
3827,I would like more information about your plans.,general,3
4997,How can I cancel my account?,cancellation,4
2819,I was charged the wrong amount.,billing,5
4044,How does the platform work?,general,5
3078,I do not recognize a charge on my account.,billing,5
2521,How can I change my password?,account,5
568,There is a bug preventing me from download a file.,technical,5
2020,I need to update the email address on my profile.,account,4
3483,I was charged twice for my subscription.,billing,4
2580,I need to update the email address on my profile.,account,5
723,I keep receiving an error while trying to upload a file.,technical,5
1572,How do I change my account permissions?,account,5
2111,I cannot access my account after changing my password.,account,4
3254,I was charged twice for my subscription.,billing,5
1856,I cannot log into my account.,account,5
4164,Where can I find more information about this product?,general,5
3863,I have a general question about the service.,general,2
3262,I was charged the wrong amount.,billing,5
1527,I cannot access my account after changing my password.,account,4
4759,I want to stop using the service.,cancellation,3
737,I am getting an error when I try to open a document.,technical,3
2165,I need help updating my profile information.,account,4
2161,How can I change my password?,account,5
4292,Can you explain how this works?,general,5
4062,How does the platform work?,general,3
2542,How can I change my password?,account,5
2469,How can I change my password?,account,5
3914,Where can I find more information about this product?,general,4
3890,Where can I find the documentation?,general,5
627,Something is broken and I cannot generate a document.,technical,4
4332,It would be useful to have additional export formats.,feature_request,5
870,I am getting an error when I try to export a report.,technical,5
4817,I would like to cancel my plan.,cancellation,3
2415,I need help updating my profile information.,account,5
2022,How can I change my password?,account,4
1835,My account is locked and I cannot sign in.,account,5
1516,My account is locked and I cannot sign in.,account,5
2866,My payment was declined.,billing,5
1776,I need help updating my profile information.,account,5
681,There is a bug preventing me from open the dashboard.,technical,4
2341,How can I change my password?,account,4
700,I am getting an error when I try to upload a file.,technical,5
133,The software freezes when I import data.,technical,5
2081,How can I change my password?,account,5
4819,I do not want to renew my subscription.,cancellation,4
4914,I do not want to renew my subscription.,cancellation,3
4761,How do I terminate my subscription?,cancellation,5
2220,I cannot access my account after changing my password.,account,5
4727,Please consider adding dark mode in a future update.,feature_request,4
4533,I would like the platform to support a mobile application.,feature_request,5
2038,My account is locked and I cannot sign in.,account,4
3723,Where can I find the documentation?,general,5
252,The application is not working correctly when I download a file.,technical,5
1969,I forgot my password and cannot access my account.,account,5
2859,The subscription price on my invoice is incorrect.,billing,4
1122,The system stops working whenever I download a file.,technical,5
317,Something is broken and I cannot open a document.,technical,4
1518,My account is locked and I cannot sign in.,account,5
2122,I need to update the email address on my profile.,account,4
2909,How can I change my payment method?,billing,5
2582,I forgot my password and cannot access my account.,account,4
2911,I do not recognize a charge on my account.,billing,5
3406,I do not recognize a charge on my account.,billing,5
1751,I need help updating my profile information.,account,5
596,I am getting an error when I try to import data.,technical,5
1000,Something is broken and I cannot upload a file.,technical,4
4178,How does the platform work?,general,4
1870,How can I change my password?,account,4
2321,I cannot access my account after changing my password.,account,5
3613,Where can I find more information about this product?,general,3
124,The software freezes when I upload a file.,technical,5
1990,How can I change my password?,account,5
2071,I need help updating my profile information.,account,4
2617,I need to update the email address on my profile.,account,5
4215,Can you explain how this works?,general,4
2107,How do I change my account permissions?,account,5
306,The application crashes when I open the dashboard.,technical,5
2956,Why was I charged for this month?,billing,4
699,The application crashes when I upload a file.,technical,5
4657,Could you implement an improved search system?,feature_request,3
3924,How does the platform work?,general,4
4805,I want to close my account and cancel the service.,cancellation,4
1709,I forgot my password and cannot access my account.,account,3
2078,I need help updating my profile information.,account,4
907,Something is broken and I cannot upload a file.,technical,4
1687,How can I change my password?,account,5
137,There is a bug preventing me from generate a document.,technical,4
820,I am getting an error when I try to export a report.,technical,4
266,Something is broken and I cannot open the dashboard.,technical,4
2772,I was charged the wrong amount.,billing,5
2453,How do I change my account permissions?,account,5
356,Something is broken and I cannot open the dashboard.,technical,3
2224,I need to update the email address on my profile.,account,3
3705,Can you tell me more about the platform?,general,4
4718,Please consider adding custom notifications in a future update.,feature_request,2
4958,I would like to cancel my plan.,cancellation,4
2462,How do I change my account permissions?,account,5
3515,I was charged twice for my subscription.,billing,4
4494,I think the platform would be better with additional export formats.,feature_request,4
4671,Could you add dark mode to the application?,feature_request,3
3316,My payment was declined.,billing,5
905,Something is broken and I cannot generate a document.,technical,5
3836,Can you tell me more about the platform?,general,4
1402,The system stops working whenever I upload a file.,technical,4
1391,I keep receiving an error while trying to import data.,technical,4
83,The software freezes when I save a project.,technical,5
3061,I was charged the wrong amount.,billing,5
4988,I want to stop using the service.,cancellation,5
114,There is a bug preventing me from export a report.,technical,3
1397,The software freezes when I export a report.,technical,4
263,I am getting an error when I try to open the dashboard.,technical,5
4369,I would like the platform to support advanced reporting.,feature_request,4
3590,I need a copy of my invoice.,billing,5
1519,How can I change my password?,account,5
2249,How can I change my password?,account,4
1055,Something is broken and I cannot download a file.,technical,5
709,I am getting an error when I try to save a project.,technical,4
1989,I cannot access my account after changing my password.,account,5
1807,I need help updating my profile information.,account,5
3465,I was charged twice for my subscription.,billing,5
4558,Could you implement additional export formats?,feature_request,4
445,The system stops working whenever I save a project.,technical,5
3320,My payment was declined.,billing,5
4540,It would be useful to have custom notifications.,feature_request,3
3290,The subscription price on my invoice is incorrect.,billing,5
4735,Please consider adding an improved search system in a future update.,feature_request,3
60,The software freezes when I import data.,technical,4
1461,The application is not working correctly when I download a file.,technical,5
1109,The system stops working whenever I import data.,technical,5
2093,I cannot log into my account.,account,4
1207,I keep receiving an error while trying to upload a file.,technical,3
3967,Can you give me more information about the service?,general,3
871,I am getting an error when I try to upload a file.,technical,5
3209,I was charged the wrong amount.,billing,5
4548,I would like to request a new feature for custom notifications.,feature_request,3
1914,I need to update the email address on my profile.,account,5
2234,How can I change my password?,account,4
274,There is a bug preventing me from export a report.,technical,5
980,The system stops working whenever I download a file.,technical,4
3883,Where can I find more information about this product?,general,3
2169,I need help updating my profile information.,account,5
4138,Can you tell me more about the platform?,general,5
816,Something is broken and I cannot export a report.,technical,5
1670,My account is locked and I cannot sign in.,account,4
1561,How can I change my password?,account,4
1685,How can I change my password?,account,4
2547,I forgot my password and cannot access my account.,account,4
1164,Something is broken and I cannot import data.,technical,4
3768,How does the platform work?,general,4
1757,I cannot log into my account.,account,4
3241,I was charged twice for my subscription.,billing,5
4096,How does the platform work?,general,4
4932,How do I terminate my subscription?,cancellation,4
3579,How can I change my payment method?,billing,4
3485,I need a copy of my invoice.,billing,3
800,I am getting an error when I try to save a project.,technical,4
5,There is a bug preventing me from upload a file.,technical,5
2141,I need to update the email address on my profile.,account,5
1533,I need to update the email address on my profile.,account,4
68,The application crashes when I open a document.,technical,5
1428,The system stops working whenever I save a project.,technical,3
536,The system stops working whenever I save a project.,technical,5
3724,I would like more information about your plans.,general,4
4781,I want to close my account and cancel the service.,cancellation,3
1904,I cannot log into my account.,account,4
988,I keep receiving an error while trying to open the dashboard.,technical,3
785,The system stops working whenever I import data.,technical,5
1077,The application is not working correctly when I download a file.,technical,4
2276,How can I change my password?,account,5
3277,I was charged the wrong amount.,billing,5
1496,There is a bug preventing me from open a document.,technical,5
3090,My payment was declined.,billing,5
4005,Where can I find more information about this product?,general,5
2613,I forgot my password and cannot access my account.,account,4
3427,I need a copy of my invoice.,billing,3
1916,I forgot my password and cannot access my account.,account,5
4281,I would like more information about your plans.,general,3
2722,I was charged twice for my subscription.,billing,5
478,The application crashes when I download a file.,technical,5
3411,My payment was declined.,billing,4
4664,Could you add additional export formats to the application?,feature_request,5
897,The application crashes when I export a report.,technical,3
4876,I want to stop using the service.,cancellation,4
1021,Something is broken and I cannot export a report.,technical,5
1380,The application is not working correctly when I open the dashboard.,technical,4
4980,How can I cancel my account?,cancellation,5
1702,I cannot log into my account.,account,4
3283,How can I change my payment method?,billing,5
858,The system stops working whenever I save a project.,technical,3
1457,The application crashes when I import data.,technical,3
1712,How can I change my password?,account,5
1630,How can I change my password?,account,4
4418,Could you add calendar integration to the application?,feature_request,3
4047,Where can I find the documentation?,general,5
1377,Something is broken and I cannot upload a file.,technical,5
338,Something is broken and I cannot open a document.,technical,5
1048,I keep receiving an error while trying to upload a file.,technical,5
2778,I was charged twice for my subscription.,billing,5
3295,I do not recognize a charge on my account.,billing,4
1910,I forgot my password and cannot access my account.,account,5
4545,I would like to request a new feature for additional export formats.,feature_request,3
1138,I am getting an error when I try to upload a file.,technical,3
1445,The application is not working correctly when I generate a document.,technical,5
2332,I cannot access my account after changing my password.,account,5
544,Something is broken and I cannot open the dashboard.,technical,4
3032,The subscription price on my invoice is incorrect.,billing,5
1762,My account is locked and I cannot sign in.,account,5
2013,How can I change my password?,account,3
3055,I need a copy of my invoice.,billing,5
4971,How can I cancel my account?,cancellation,4
227,There is a bug preventing me from download a file.,technical,5
3792,I have a general question about the service.,general,4
4577,Could you add additional export formats to the application?,feature_request,3
669,The application crashes when I import data.,technical,5
95,The application is not working correctly when I open the dashboard.,technical,4
150,Something is broken and I cannot open the dashboard.,technical,4
4460,I would like the platform to support a mobile application.,feature_request,4
1184,Something is broken and I cannot save a project.,technical,5
45,Something is broken and I cannot open a document.,technical,5
2746,Why was I charged for this month?,billing,5
4192,I have a general question about the service.,general,2
3417,I was charged the wrong amount.,billing,3
3569,I need a copy of my invoice.,billing,5
2185,I forgot my password and cannot access my account.,account,4
3272,I need a copy of my invoice.,billing,5
3860,I would like more information about your plans.,general,5
3782,Where can I find the documentation?,general,4
3629,I would like more information about your plans.,general,4
292,The software freezes when I save a project.,technical,4
3767,Where can I find more information about this product?,general,3
3501,I need a copy of my invoice.,billing,4
3638,How does the platform work?,general,3
1876,My account is locked and I cannot sign in.,account,5
3415,I do not recognize a charge on my account.,billing,4
324,Something is broken and I cannot upload a file.,technical,5
993,Something is broken and I cannot download a file.,technical,4
2674,I need to update the email address on my profile.,account,5
1331,The software freezes when I import data.,technical,5
4402,Could you implement custom notifications?,feature_request,2
2350,I cannot access my account after changing my password.,account,4
2832,How can I change my payment method?,billing,5
2713,I need a copy of my invoice.,billing,4
3421,Why was I charged for this month?,billing,4
3913,Can you explain how this works?,general,5
2254,How can I change my password?,account,5
4469,I would like to request a new feature for calendar integration.,feature_request,4
3156,My payment was declined.,billing,5
1971,I forgot my password and cannot access my account.,account,3
662,The application crashes when I download a file.,technical,4
1922,I cannot access my account after changing my password.,account,5
3694,I would like more information about your plans.,general,4
4318,Please consider adding custom notifications in a future update.,feature_request,2
2156,I cannot log into my account.,account,4
559,Something is broken and I cannot generate a document.,technical,5
1635,I cannot access my account after changing my password.,account,4
2959,My payment was declined.,billing,4
508,I keep receiving an error while trying to import data.,technical,4
1947,I cannot log into my account.,account,3
4372,Please consider adding an improved search system in a future update.,feature_request,4
2187,I need to update the email address on my profile.,account,5
1570,I need to update the email address on my profile.,account,4
4586,I would like to request a new feature for custom notifications.,feature_request,4
2578,My account is locked and I cannot sign in.,account,3
4336,Could you implement calendar integration?,feature_request,3
466,The application crashes when I open a document.,technical,3
1734,I forgot my password and cannot access my account.,account,5
1961,How do I change my account permissions?,account,5
3464,I need a copy of my invoice.,billing,5
1311,The system stops working whenever I generate a document.,technical,4
765,The system stops working whenever I download a file.,technical,5
4706,I think the platform would be better with dark mode.,feature_request,4
3180,The subscription price on my invoice is incorrect.,billing,4
4123,How does the platform work?,general,4
1626,I need to update the email address on my profile.,account,5
857,The application is not working correctly when I save a project.,technical,4
2932,How can I change my payment method?,billing,5
2934,The subscription price on my invoice is incorrect.,billing,4
3356,I was charged the wrong amount.,billing,4
2736,The subscription price on my invoice is incorrect.,billing,5
2386,I cannot access my account after changing my password.,account,4
4104,Can you tell me more about the platform?,general,4
3938,Can you give me more information about the service?,general,5
109,I keep receiving an error while trying to download a file.,technical,5
835,I am getting an error when I try to open the dashboard.,technical,5
273,The software freezes when I open the dashboard.,technical,5
1054,There is a bug preventing me from generate a document.,technical,4
651,The system stops working whenever I import data.,technical,4
4014,Can you explain how this works?,general,4
4353,I would like the platform to support a mobile application.,feature_request,5
182,The software freezes when I download a file.,technical,5
496,The system stops working whenever I generate a document.,technical,4
4162,How does the platform work?,general,3
645,The application crashes when I open a document.,technical,5
4319,Is it possible to add dark mode?,feature_request,4
1320,The application crashes when I download a file.,technical,4
1104,The application crashes when I export a report.,technical,4
1589,I need to update the email address on my profile.,account,5
1155,The software freezes when I save a project.,technical,5
2839,I was charged twice for my subscription.,billing,5
4214,I have a general question about the service.,general,5
2109,I forgot my password and cannot access my account.,account,4
4293,Can you tell me more about the platform?,general,4
2055,My account is locked and I cannot sign in.,account,4
569,The application crashes when I upload a file.,technical,4
2175,How do I change my account permissions?,account,5
4693,Is it possible to add calendar integration?,feature_request,4
334,There is a bug preventing me from open the dashboard.,technical,4
1908,I cannot access my account after changing my password.,account,4
4097,I have a general question about the service.,general,3
3040,Why was I charged for this month?,billing,3
787,The system stops working whenever I save a project.,technical,5
714,I am getting an error when I try to upload a file.,technical,3
3857,Where can I find the documentation?,general,4
2546,How can I change my password?,account,4
4389,Is it possible to add advanced reporting?,feature_request,5
2668,I forgot my password and cannot access my account.,account,5
724,The system stops working whenever I download a file.,technical,5
1929,My account is locked and I cannot sign in.,account,3
3251,How can I change my payment method?,billing,5
998,The system stops working whenever I download a file.,technical,4
692,The software freezes when I generate a document.,technical,4
2468,I forgot my password and cannot access my account.,account,4
3774,I would like more information about your plans.,general,5
1824,I cannot access my account after changing my password.,account,5
975,I keep receiving an error while trying to open a document.,technical,4
4295,I would like more information about your plans.,general,4
1385,The system stops working whenever I open the dashboard.,technical,5
1642,How do I change my account permissions?,account,3
2441,I cannot log into my account.,account,5
1300,I keep receiving an error while trying to open a document.,technical,5
1221,I am getting an error when I try to save a project.,technical,4
2268,I cannot log into my account.,account,5
3409,How can I change my payment method?,billing,5
115,There is a bug preventing me from download a file.,technical,4
3996,I have a general question about the service.,general,2
4902,I want to close my account and cancel the service.,cancellation,4
4091,I would like more information about your plans.,general,4
2937,I was charged twice for my subscription.,billing,5
4284,Where can I find the documentation?,general,5
2787,I was charged twice for my subscription.,billing,4
4656,I think the platform would be better with advanced reporting.,feature_request,5
2748,I do not recognize a charge on my account.,billing,5
1866,How can I change my password?,account,5
3292,The subscription price on my invoice is incorrect.,billing,5
2610,I need help updating my profile information.,account,4
4247,I have a general question about the service.,general,4
3265,How can I change my payment method?,billing,5
131,The application is not working correctly when I download a file.,technical,5
551,The software freezes when I download a file.,technical,4
3826,How does the platform work?,general,4
1492,I keep receiving an error while trying to download a file.,technical,5
2282,I need to update the email address on my profile.,account,5
4388,I would like the platform to support additional export formats.,feature_request,3
4883,I want to cancel my subscription.,cancellation,3
4335,Could you add dark mode to the application?,feature_request,4
1547,My account is locked and I cannot sign in.,account,3
582,I keep receiving an error while trying to download a file.,technical,4
1860,How do I change my account permissions?,account,4
4700,It would be useful to have dark mode.,feature_request,3
3404,The subscription price on my invoice is incorrect.,billing,4
4420,Could you add calendar integration to the application?,feature_request,5
1783,I cannot log into my account.,account,5
4663,I would like the platform to support advanced reporting.,feature_request,3
3877,Can you explain how this works?,general,3
976,The software freezes when I open a document.,technical,4
694,There is a bug preventing me from open the dashboard.,technical,5
3998,Can you explain how this works?,general,5
853,I keep receiving an error while trying to open a document.,technical,5
3789,Where can I find more information about this product?,general,3
863,The software freezes when I import data.,technical,5
4283,Can you explain how this works?,general,2
4365,Please consider adding bulk file uploads in a future update.,feature_request,3
3595,My payment was declined.,billing,5
3992,Where can I find more information about this product?,general,5
3249,I was charged the wrong amount.,billing,5
2046,I forgot my password and cannot access my account.,account,5
4857,How do I terminate my subscription?,cancellation,5
104,The application crashes when I import data.,technical,4
78,I am getting an error when I try to save a project.,technical,3
928,The system stops working whenever I open the dashboard.,technical,5
4049,Can you explain how this works?,general,4
2203,I cannot access my account after changing my password.,account,4
2425,I forgot my password and cannot access my account.,account,5
314,I keep receiving an error while trying to generate a document.,technical,5
2287,How can I change my password?,account,4
1682,I need help updating my profile information.,account,5
3,I am getting an error when I try to open a document.,technical,5
665,I keep receiving an error while trying to import data.,technical,4
2247,I cannot access my account after changing my password.,account,4
4613,Could you add bulk file uploads to the application?,feature_request,3
433,The system stops working whenever I import data.,technical,3
2602,How can I change my password?,account,4
2609,My account is locked and I cannot sign in.,account,5
4226,Where can I find more information about this product?,general,5
4892,I do not want to renew my subscription.,cancellation,5
3077,I do not recognize a charge on my account.,billing,5
840,The system stops working whenever I open the dashboard.,technical,5
1051,The application crashes when I save a project.,technical,4
1348,There is a bug preventing me from save a project.,technical,5
1832,I need help updating my profile information.,account,4
1023,The application crashes when I save a project.,technical,4
4689,Is it possible to add custom notifications?,feature_request,4
3956,Can you tell me more about the platform?,general,4
88,I am getting an error when I try to export a report.,technical,4
3384,I was charged the wrong amount.,billing,4
386,The application crashes when I open a document.,technical,4
413,Something is broken and I cannot open the dashboard.,technical,5
3263,My payment was declined.,billing,3
2036,I need to update the email address on my profile.,account,4
1902,I cannot log into my account.,account,5
2151,I need help updating my profile information.,account,5
1745,I cannot log into my account.,account,5
736,The system stops working whenever I download a file.,technical,4
4102,I would like more information about your plans.,general,5
2248,I need help updating my profile information.,account,4
1690,I cannot log into my account.,account,4
935,The application crashes when I generate a document.,technical,4
1353,I am getting an error when I try to open a document.,technical,5
1352,The software freezes when I export a report.,technical,5
923,The system stops working whenever I export a report.,technical,4
3908,Where can I find more information about this product?,general,4
3418,How can I change my payment method?,billing,5
2813,The subscription price on my invoice is incorrect.,billing,4
4101,Can you tell me more about the platform?,general,4
4259,Where can I find the documentation?,general,5
1454,The system stops working whenever I upload a file.,technical,5
3963,Where can I find more information about this product?,general,3
2808,I do not recognize a charge on my account.,billing,5
1625,How can I change my password?,account,5
2606,I cannot log into my account.,account,3
2365,My account is locked and I cannot sign in.,account,5
1007,The application crashes when I download a file.,technical,3
2953,I was charged twice for my subscription.,billing,4
3377,I was charged twice for my subscription.,billing,3
762,There is a bug preventing me from open the dashboard.,technical,5
1113,The application crashes when I save a project.,technical,4
2270,I cannot access my account after changing my password.,account,3
2427,My account is locked and I cannot sign in.,account,5
2951,How can I change my payment method?,billing,5
4391,I think the platform would be better with advanced reporting.,feature_request,4
1334,Something is broken and I cannot generate a document.,technical,5
326,Something is broken and I cannot generate a document.,technical,5
2376,I forgot my password and cannot access my account.,account,5
2361,I forgot my password and cannot access my account.,account,5
1022,I am getting an error when I try to download a file.,technical,5
3797,Where can I find the documentation?,general,5
2862,My payment was declined.,billing,5
212,Something is broken and I cannot generate a document.,technical,5
3038,I need a copy of my invoice.,billing,3
1988,I need help updating my profile information.,account,5
2860,I need a copy of my invoice.,billing,5
3700,I would like more information about your plans.,general,5
3366,Why was I charged for this month?,billing,4
2422,I forgot my password and cannot access my account.,account,5
3874,How does the platform work?,general,4
1009,There is a bug preventing me from save a project.,technical,5
3507,The subscription price on my invoice is incorrect.,billing,4
2657,I need to update the email address on my profile.,account,5
3745,Can you give me more information about the service?,general,3
616,Something is broken and I cannot generate a document.,technical,5
4426,I would like the platform to support dark mode.,feature_request,5
4022,I would like more information about your plans.,general,4
1502,I forgot my password and cannot access my account.,account,5
4209,Can you explain how this works?,general,5
1722,I need to update the email address on my profile.,account,5
2743,Why was I charged for this month?,billing,5
4129,Can you give me more information about the service?,general,3
591,There is a bug preventing me from generate a document.,technical,5
4523,I think the platform would be better with additional export formats.,feature_request,5
548,I am getting an error when I try to import data.,technical,4
2604,I cannot access my account after changing my password.,account,5
2418,I cannot access my account after changing my password.,account,5
3644,Can you tell me more about the platform?,general,4
1725,I cannot access my account after changing my password.,account,4
1602,My account is locked and I cannot sign in.,account,5
4452,Could you implement advanced reporting?,feature_request,2
3861,Can you explain how this works?,general,5
964,The system stops working whenever I save a project.,technical,4
1409,The application is not working correctly when I import data.,technical,4
521,I am getting an error when I try to export a report.,technical,5
2737,I was charged the wrong amount.,billing,5
510,The software freezes when I import data.,technical,5
924,I keep receiving an error while trying to download a file.,technical,5
3744,Can you tell me more about the platform?,general,2
4364,Could you implement a mobile application?,feature_request,4
3737,How does the platform work?,general,5
299,I keep receiving an error while trying to generate a document.,technical,5
4169,Where can I find the documentation?,general,4
3674,I have a general question about the service.,general,2
4742,Please consider adding calendar integration in a future update.,feature_request,5
1223,There is a bug preventing me from import data.,technical,4
119,The application is not working correctly when I upload a file.,technical,4
555,The application is not working correctly when I open the dashboard.,technical,3
307,The application is not working correctly when I export a report.,technical,5
1510,I need to update the email address on my profile.,account,5
2938,My payment was declined.,billing,5
550,The system stops working whenever I open a document.,technical,3
2642,I cannot access my account after changing my password.,account,5
753,The software freezes when I import data.,technical,5
1820,How do I change my account permissions?,account,5
2633,My account is locked and I cannot sign in.,account,5
1500,I am getting an error when I try to upload a file.,technical,5
4880,I would like to cancel my plan.,cancellation,5
1256,The system stops working whenever I save a project.,technical,4
355,The software freezes when I download a file.,technical,5
2584,I need help updating my profile information.,account,4
4069,Can you tell me more about the platform?,general,4
1211,There is a bug preventing me from generate a document.,technical,4
2557,I cannot log into my account.,account,5
862,I am getting an error when I try to save a project.,technical,5
1829,I need help updating my profile information.,account,4
4868,How do I terminate my subscription?,cancellation,5
3189,My payment was declined.,billing,4
1976,My account is locked and I cannot sign in.,account,4
2632,I cannot access my account after changing my password.,account,3
1120,There is a bug preventing me from upload a file.,technical,4
4331,I think the platform would be better with dark mode.,feature_request,4
2803,My payment was declined.,billing,5
648,The software freezes when I import data.,technical,5
4122,Can you give me more information about the service?,general,4
636,There is a bug preventing me from save a project.,technical,4
822,The system stops working whenever I export a report.,technical,5
4485,I think the platform would be better with calendar integration.,feature_request,4
3558,The subscription price on my invoice is incorrect.,billing,5
2333,I cannot log into my account.,account,5
481,I am getting an error when I try to import data.,technical,4
1037,The application is not working correctly when I download a file.,technical,4
814,I am getting an error when I try to open a document.,technical,4
933,I keep receiving an error while trying to save a project.,technical,3
2043,I cannot access my account after changing my password.,account,4
3034,I do not recognize a charge on my account.,billing,5
1756,How do I change my account permissions?,account,5
918,I am getting an error when I try to upload a file.,technical,5
2977,I was charged the wrong amount.,billing,4
2397,I need to update the email address on my profile.,account,4
708,The software freezes when I save a project.,technical,4
1453,Something is broken and I cannot upload a file.,technical,4
4057,I would like more information about your plans.,general,4
4403,Could you add custom notifications to the application?,feature_request,4
3367,I was charged twice for my subscription.,billing,4
4137,Can you explain how this works?,general,5
136,I keep receiving an error while trying to open a document.,technical,5
3958,Where can I find more information about this product?,general,2
2423,I cannot access my account after changing my password.,account,5
3339,I was charged twice for my subscription.,billing,4
4409,I would like to request a new feature for dark mode.,feature_request,3
2406,I cannot log into my account.,account,4
3123,How can I change my payment method?,billing,3
2486,My account is locked and I cannot sign in.,account,5
4424,It would be useful to have calendar integration.,feature_request,3
1784,I forgot my password and cannot access my account.,account,3
2912,My payment was declined.,billing,5
2516,I need help updating my profile information.,account,5
4828,Please help me cancel my subscription.,cancellation,4
2682,My account is locked and I cannot sign in.,account,5
691,There is a bug preventing me from save a project.,technical,3
2767,I was charged the wrong amount.,billing,4
4484,Please consider adding bulk file uploads in a future update.,feature_request,3
58,Something is broken and I cannot export a report.,technical,5
3754,Can you tell me more about the platform?,general,5
2671,I forgot my password and cannot access my account.,account,5
1503,I cannot log into my account.,account,4
4421,Could you add dark mode to the application?,feature_request,4
4520,I would like the platform to support calendar integration.,feature_request,5
2242,How do I change my account permissions?,account,5
2965,How can I change my payment method?,billing,4
2056,I need help updating my profile information.,account,3
4731,Could you implement a mobile application?,feature_request,3
231,There is a bug preventing me from export a report.,technical,4
3141,I do not recognize a charge on my account.,billing,4
1399,The system stops working whenever I download a file.,technical,5
1495,The system stops working whenever I save a project.,technical,5
3521,How can I change my payment method?,billing,4
494,I keep receiving an error while trying to generate a document.,technical,5
2188,I cannot access my account after changing my password.,account,4
2269,I cannot log into my account.,account,5
1873,I need help updating my profile information.,account,5
807,There is a bug preventing me from download a file.,technical,5
1823,I need help updating my profile information.,account,5
2655,I forgot my password and cannot access my account.,account,5
4211,Where can I find the documentation?,general,2
1851,I need help updating my profile information.,account,4
2709,The subscription price on my invoice is incorrect.,billing,5
3364,Why was I charged for this month?,billing,3
77,Something is broken and I cannot save a project.,technical,3
4090,Where can I find the documentation?,general,3
3617,Where can I find the documentation?,general,5
1389,The application is not working correctly when I save a project.,technical,5
2760,How can I change my payment method?,billing,3
4447,Could you implement calendar integration?,feature_request,4
4945,I would like to cancel my plan.,cancellation,4
2255,I need help updating my profile information.,account,4
4782,I want to stop using the service.,cancellation,4
1839,I need help updating my profile information.,account,4
4253,Can you give me more information about the service?,general,3
4145,Can you tell me more about the platform?,general,4
1059,The application is not working correctly when I open a document.,technical,4
397,I keep receiving an error while trying to open a document.,technical,4
3582,I need a copy of my invoice.,billing,4
1609,My account is locked and I cannot sign in.,account,5
2354,I cannot log into my account.,account,5
2049,I need to update the email address on my profile.,account,4
1140,Something is broken and I cannot generate a document.,technical,5
2152,How can I change my password?,account,5
773,I am getting an error when I try to generate a document.,technical,4
504,The system stops working whenever I upload a file.,technical,4
265,The application is not working correctly when I generate a document.,technical,4
178,I am getting an error when I try to export a report.,technical,5
395,Something is broken and I cannot download a file.,technical,4
4188,I have a general question about the service.,general,3
2446,I forgot my password and cannot access my account.,account,5
1874,How can I change my password?,account,3
2608,I need help updating my profile information.,account,5
3147,My payment was declined.,billing,5
2917,Why was I charged for this month?,billing,5
2502,I need help updating my profile information.,account,4
1484,I keep receiving an error while trying to import data.,technical,5
4863,I would like to cancel my plan.,cancellation,3
2990,How can I change my payment method?,billing,4
2138,I forgot my password and cannot access my account.,account,4
3165,Why was I charged for this month?,billing,3
2437,I need to update the email address on my profile.,account,5
488,The software freezes when I open the dashboard.,technical,4
128,The software freezes when I import data.,technical,4
340,There is a bug preventing me from save a project.,technical,5
3880,I have a general question about the service.,general,4
2115,How do I change my account permissions?,account,5
3584,I was charged twice for my subscription.,billing,5
2099,How can I change my password?,account,4
4680,I would like the platform to support custom notifications.,feature_request,5
4240,I would like more information about your plans.,general,4
589,The application is not working correctly when I open the dashboard.,technical,4
4398,I think the platform would be better with advanced reporting.,feature_request,4
4139,Where can I find more information about this product?,general,4
1887,I forgot my password and cannot access my account.,account,4
4518,I would like the platform to support calendar integration.,feature_request,2
3897,Where can I find the documentation?,general,3
3079,How can I change my payment method?,billing,4
4780,Please help me cancel my subscription.,cancellation,4
1537,I need help updating my profile information.,account,4
4833,I want to cancel my subscription.,cancellation,3
2353,How do I change my account permissions?,account,5
1416,The application is not working correctly when I generate a document.,technical,5
3730,I would like more information about your plans.,general,4
4055,How does the platform work?,general,4
142,There is a bug preventing me from save a project.,technical,5
2421,How can I change my password?,account,4
3297,I do not recognize a charge on my account.,billing,5
141,There is a bug preventing me from download a file.,technical,5
4947,I want to stop using the service.,cancellation,2
566,I am getting an error when I try to download a file.,technical,4
1417,The software freezes when I generate a document.,technical,5
3152,The subscription price on my invoice is incorrect.,billing,5
394,The application is not working correctly when I import data.,technical,4
2190,I need help updating my profile information.,account,5
1304,The system stops working whenever I save a project.,technical,5
3550,I was charged the wrong amount.,billing,5
3905,I would like more information about your plans.,general,5
3599,Why was I charged for this month?,billing,4
2685,How can I change my password?,account,3
602,I am getting an error when I try to save a project.,technical,3
2328,I forgot my password and cannot access my account.,account,5
4028,Where can I find more information about this product?,general,3
4565,I would like to request a new feature for a mobile application.,feature_request,3
4905,I do not want to renew my subscription.,cancellation,4
1318,The system stops working whenever I upload a file.,technical,5
2973,I do not recognize a charge on my account.,billing,5
2233,How can I change my password?,account,4
1414,The software freezes when I open a document.,technical,3
4114,I would like more information about your plans.,general,3
1284,Something is broken and I cannot import data.,technical,3
3025,The subscription price on my invoice is incorrect.,billing,4
893,I keep receiving an error while trying to upload a file.,technical,5
844,The software freezes when I export a report.,technical,5
4834,I want to close my account and cancel the service.,cancellation,3
3073,I need a copy of my invoice.,billing,5
539,The application is not working correctly when I export a report.,technical,5
1292,I keep receiving an error while trying to open a document.,technical,5
2236,My account is locked and I cannot sign in.,account,5
1964,I forgot my password and cannot access my account.,account,5
889,The system stops working whenever I generate a document.,technical,5
1913,I cannot access my account after changing my password.,account,5
2583,My account is locked and I cannot sign in.,account,3
1549,How do I change my account permissions?,account,4
951,Something is broken and I cannot upload a file.,technical,3
1827,I forgot my password and cannot access my account.,account,4
4527,I would like to request a new feature for additional export formats.,feature_request,3
4743,Could you implement bulk file uploads?,feature_request,4
393,There is a bug preventing me from save a project.,technical,5
4966,I do not want to renew my subscription.,cancellation,2
4156,How does the platform work?,general,4
538,The application crashes when I open a document.,technical,3
3169,My payment was declined.,billing,4
3757,Can you tell me more about the platform?,general,2
3423,The subscription price on my invoice is incorrect.,billing,5
1234,The application crashes when I open a document.,technical,4
1892,I cannot access my account after changing my password.,account,5
3024,How can I change my payment method?,billing,4
1891,I forgot my password and cannot access my account.,account,5
3997,I would like more information about your plans.,general,3
2259,I cannot access my account after changing my password.,account,3
2821,Why was I charged for this month?,billing,3
2196,My account is locked and I cannot sign in.,account,4
3764,Can you give me more information about the service?,general,4
405,The software freezes when I open a document.,technical,4
4644,I would like the platform to support a mobile application.,feature_request,4
36,The application is not working correctly when I import data.,technical,4
2647,I cannot access my account after changing my password.,account,5
4900,I want to stop using the service.,cancellation,3
959,Something is broken and I cannot import data.,technical,5
1213,I am getting an error when I try to download a file.,technical,3
4059,I would like more information about your plans.,general,4
1777,How can I change my password?,account,4
4243,Where can I find the documentation?,general,4
2133,How do I change my account permissions?,account,5
4068,Where can I find more information about this product?,general,4
364,Something is broken and I cannot download a file.,technical,4
1470,There is a bug preventing me from download a file.,technical,4
3895,Can you give me more information about the service?,general,4
3919,Can you explain how this works?,general,4
3307,I was charged the wrong amount.,billing,4
639,Something is broken and I cannot upload a file.,technical,5
2334,I cannot log into my account.,account,5
159,The software freezes when I download a file.,technical,5
3693,Can you give me more information about the service?,general,4
1159,I keep receiving an error while trying to export a report.,technical,4
302,Something is broken and I cannot open a document.,technical,4
1763,How can I change my password?,account,5
3170,Why was I charged for this month?,billing,5
1053,Something is broken and I cannot upload a file.,technical,5
982,The application crashes when I download a file.,technical,5
3709,I have a general question about the service.,general,3
4774,I want to stop using the service.,cancellation,4
3207,I was charged twice for my subscription.,billing,5
3722,Can you explain how this works?,general,2
4645,It would be useful to have calendar integration.,feature_request,4
1094,Something is broken and I cannot save a project.,technical,4
4996,How do I terminate my subscription?,cancellation,2
1716,My account is locked and I cannot sign in.,account,5
4617,Is it possible to add calendar integration?,feature_request,2
3182,I need a copy of my invoice.,billing,5
3255,How can I change my payment method?,billing,5
2841,Why was I charged for this month?,billing,4
376,There is a bug preventing me from download a file.,technical,5
3360,I was charged the wrong amount.,billing,4
2513,How can I change my password?,account,5
1340,The application crashes when I open a document.,technical,5
284,The software freezes when I import data.,technical,5
4856,How can I cancel my account?,cancellation,4
860,There is a bug preventing me from save a project.,technical,5
2218,I need help updating my profile information.,account,4
1600,I cannot log into my account.,account,4
2320,I need help updating my profile information.,account,4
3314,I do not recognize a charge on my account.,billing,4
2941,The subscription price on my invoice is incorrect.,billing,4
949,Something is broken and I cannot save a project.,technical,3
1121,I am getting an error when I try to generate a document.,technical,5
3321,I was charged twice for my subscription.,billing,5
3089,I do not recognize a charge on my account.,billing,3
4604,Could you implement additional export formats?,feature_request,2
1150,I am getting an error when I try to download a file.,technical,4
335,There is a bug preventing me from import data.,technical,3
4655,Could you add calendar integration to the application?,feature_request,4
3462,My payment was declined.,billing,3
377,The application crashes when I generate a document.,technical,3
3936,I would like more information about your plans.,general,3
1903,I cannot access my account after changing my password.,account,5
849,The application is not working correctly when I export a report.,technical,4
3163,My payment was declined.,billing,3
4105,Where can I find the documentation?,general,4
3399,I do not recognize a charge on my account.,billing,5
585,There is a bug preventing me from import data.,technical,5
1299,I am getting an error when I try to export a report.,technical,4
4152,Can you tell me more about the platform?,general,2
3657,I would like more information about your plans.,general,4
3354,I do not recognize a charge on my account.,billing,5
1815,I need help updating my profile information.,account,5
3425,Why was I charged for this month?,billing,5
564,I am getting an error when I try to download a file.,technical,5
3164,Why was I charged for this month?,billing,5
4127,Can you give me more information about the service?,general,5
4667,I would like the platform to support additional export formats.,feature_request,4
493,The system stops working whenever I open the dashboard.,technical,5
2615,I cannot log into my account.,account,5
3391,My payment was declined.,billing,5
3854,I would like more information about your plans.,general,3
3031,How can I change my payment method?,billing,5
382,There is a bug preventing me from download a file.,technical,4
3959,Can you give me more information about the service?,general,5
4968,How can I cancel my account?,cancellation,5
1675,How can I change my password?,account,4
957,The application crashes when I import data.,technical,5
4040,Can you tell me more about the platform?,general,5
290,The application crashes when I generate a document.,technical,4
3398,Why was I charged for this month?,billing,5
1239,The application crashes when I save a project.,technical,5
4749,Could you implement custom notifications?,feature_request,4
4740,It would be useful to have advanced reporting.,feature_request,5
1372,There is a bug preventing me from open the dashboard.,technical,5
2661,I cannot log into my account.,account,5
3194,I need a copy of my invoice.,billing,5
2299,I cannot access my account after changing my password.,account,5
4925,I do not want to renew my subscription.,cancellation,4
3212,I do not recognize a charge on my account.,billing,5
361,The software freezes when I open a document.,technical,5
4035,Can you give me more information about the service?,general,3
655,The software freezes when I download a file.,technical,5
2346,How can I change my password?,account,5
3896,How does the platform work?,general,3
1838,I forgot my password and cannot access my account.,account,5
3734,Where can I find more information about this product?,general,5
2147,I need to update the email address on my profile.,account,5
3609,Can you give me more information about the service?,general,4
2925,Why was I charged for this month?,billing,3
323,I keep receiving an error while trying to open a document.,technical,5
4327,Please consider adding dark mode in a future update.,feature_request,3
4708,I would like to request a new feature for advanced reporting.,feature_request,3
4911,Please help me cancel my subscription.,cancellation,3
25,There is a bug preventing me from import data.,technical,4
2461,How do I change my account permissions?,account,4
1375,There is a bug preventing me from import data.,technical,4
2598,I cannot access my account after changing my password.,account,4
2436,My account is locked and I cannot sign in.,account,5
2954,I need a copy of my invoice.,billing,5
2482,My account is locked and I cannot sign in.,account,5
1327,The software freezes when I export a report.,technical,5
332,I am getting an error when I try to open the dashboard.,technical,5
120,The software freezes when I import data.,technical,5
3929,Where can I find the documentation?,general,3
2844,I do not recognize a charge on my account.,billing,5
2964,My payment was declined.,billing,5
2678,I forgot my password and cannot access my account.,account,4
4190,Can you explain how this works?,general,3
2340,How can I change my password?,account,5
3470,Why was I charged for this month?,billing,4
1830,My account is locked and I cannot sign in.,account,4
2935,I do not recognize a charge on my account.,billing,5
3093,Why was I charged for this month?,billing,5
2698,How can I change my password?,account,4
4621,It would be useful to have custom notifications.,feature_request,4
623,There is a bug preventing me from open the dashboard.,technical,5
1002,I am getting an error when I try to import data.,technical,4
650,The software freezes when I download a file.,technical,3
1400,I keep receiving an error while trying to open the dashboard.,technical,4
942,I am getting an error when I try to upload a file.,technical,5
1629,How can I change my password?,account,5
739,The application is not working correctly when I open a document.,technical,4
2918,I was charged twice for my subscription.,billing,4
423,There is a bug preventing me from import data.,technical,5
2508,I need to update the email address on my profile.,account,5
2483,How can I change my password?,account,3
3937,Where can I find the documentation?,general,3
2253,I forgot my password and cannot access my account.,account,4
3358,I do not recognize a charge on my account.,billing,5
1116,The application crashes when I open a document.,technical,5
4585,It would be useful to have an improved search system.,feature_request,3
2997,My payment was declined.,billing,4
371,The software freezes when I upload a file.,technical,5
3731,Can you give me more information about the service?,general,3
3547,My payment was declined.,billing,4
1072,The application is not working correctly when I import data.,technical,5
3739,How does the platform work?,general,3
838,There is a bug preventing me from open the dashboard.,technical,4
1202,The application crashes when I import data.,technical,5
527,I keep receiving an error while trying to open a document.,technical,4
4027,Can you explain how this works?,general,4
664,The application is not working correctly when I export a report.,technical,5
970,There is a bug preventing me from upload a file.,technical,5
3080,Why was I charged for this month?,billing,4
1388,I am getting an error when I try to import data.,technical,4
4538,It would be useful to have calendar integration.,feature_request,4
367,Something is broken and I cannot open a document.,technical,3
4324,I think the platform would be better with custom notifications.,feature_request,3
4910,I want to cancel my subscription.,cancellation,5
2520,I forgot my password and cannot access my account.,account,4
2363,I cannot log into my account.,account,5
4746,It would be useful to have a mobile application.,feature_request,3
500,I keep receiving an error while trying to open the dashboard.,technical,3
1694,How can I change my password?,account,5
4341,Could you add calendar integration to the application?,feature_request,4
1425,The system stops working whenever I open a document.,technical,5
408,I am getting an error when I try to export a report.,technical,5
1189,The system stops working whenever I save a project.,technical,4
1367,The application crashes when I generate a document.,technical,4
2677,I need help updating my profile information.,account,5
4208,Where can I find the documentation?,general,2
3999,Where can I find more information about this product?,general,3
2972,I was charged the wrong amount.,billing,4
4495,Is it possible to add custom notifications?,feature_request,5
707,The application is not working correctly when I generate a document.,technical,3
3459,My payment was declined.,billing,5
4045,Where can I find more information about this product?,general,2
1899,I cannot access my account after changing my password.,account,5
4944,Please help me cancel my subscription.,cancellation,5
2823,I need a copy of my invoice.,billing,5
238,There is a bug preventing me from save a project.,technical,5
4888,I want to close my account and cancel the service.,cancellation,3
788,The software freezes when I download a file.,technical,3
353,The application crashes when I generate a document.,technical,5
4738,Could you add additional export formats to the application?,feature_request,4
1433,The application is not working correctly when I import data.,technical,5
979,The system stops working whenever I import data.,technical,4
3598,Why was I charged for this month?,billing,5
4038,Can you give me more information about the service?,general,4
1843,My account is locked and I cannot sign in.,account,3
4899,How can I cancel my account?,cancellation,3
1758,How do I change my account permissions?,account,5
4972,I want to close my account and cancel the service.,cancellation,3
1226,I keep receiving an error while trying to open the dashboard.,technical,4
1643,I need help updating my profile information.,account,4
4891,I want to stop using the service.,cancellation,3
4111,Can you explain how this works?,general,5
1201,The application is not working correctly when I export a report.,technical,5
3893,Can you explain how this works?,general,5
1526,I need to update the email address on my profile.,account,4
1446,The application is not working correctly when I download a file.,technical,4
1431,The system stops working whenever I save a project.,technical,5
1867,I need to update the email address on my profile.,account,5
3224,I was charged twice for my subscription.,billing,5
3106,The subscription price on my invoice is incorrect.,billing,5
738,The application is not working correctly when I open the dashboard.,technical,4
1131,Something is broken and I cannot save a project.,technical,5
1996,How can I change my password?,account,3
1840,I need help updating my profile information.,account,4
1912,How do I change my account permissions?,account,5
144,There is a bug preventing me from save a project.,technical,5
4795,I want to close my account and cancel the service.,cancellation,5
2402,I cannot access my account after changing my password.,account,5
4687,Is it possible to add bulk file uploads?,feature_request,4
3664,I have a general question about the service.,general,4
349,The application is not working correctly when I upload a file.,technical,4
4386,Is it possible to add custom notifications?,feature_request,4
717,I am getting an error when I try to open the dashboard.,technical,5
1288,Something is broken and I cannot upload a file.,technical,3
4800,I want to close my account and cancel the service.,cancellation,3
3246,I was charged twice for my subscription.,billing,3
2882,My payment was declined.,billing,5
3117,How can I change my payment method?,billing,5
1379,I keep receiving an error while trying to open the dashboard.,technical,5
1619,My account is locked and I cannot sign in.,account,5
112,Something is broken and I cannot export a report.,technical,4
4679,Could you add dark mode to the application?,feature_request,4
3818,Can you explain how this works?,general,4
453,There is a bug preventing me from save a project.,technical,5
4009,Can you give me more information about the service?,general,4
4439,I would like to request a new feature for bulk file uploads.,feature_request,3
2544,I need to update the email address on my profile.,account,5
4278,I would like more information about your plans.,general,4
522,There is a bug preventing me from open the dashboard.,technical,3
3641,Can you explain how this works?,general,4
666,The system stops working whenever I export a report.,technical,4
435,The software freezes when I save a project.,technical,5
2209,My account is locked and I cannot sign in.,account,3
3592,My payment was declined.,billing,4
3530,How can I change my payment method?,billing,4
1598,I cannot access my account after changing my password.,account,5
2702,I need a copy of my invoice.,billing,4
4974,I want to cancel my subscription.,cancellation,4
1790,I need to update the email address on my profile.,account,4
4793,I want to cancel my subscription.,cancellation,3
4845,I do not want to renew my subscription.,cancellation,4
2971,I need a copy of my invoice.,billing,5
20,I am getting an error when I try to save a project.,technical,5
55,The application crashes when I import data.,technical,3
4942,I would like to cancel my plan.,cancellation,4
3127,How can I change my payment method?,billing,3
2451,I need to update the email address on my profile.,account,4
3926,Where can I find the documentation?,general,4
4515,It would be useful to have a mobile application.,feature_request,5
2517,I need help updating my profile information.,account,4
409,I keep receiving an error while trying to import data.,technical,5
61,Something is broken and I cannot upload a file.,technical,5
2325,I need help updating my profile information.,account,5
2100,I need to update the email address on my profile.,account,5
3922,Where can I find more information about this product?,general,3
116,I am getting an error when I try to generate a document.,technical,4
3654,How does the platform work?,general,5
1881,I need to update the email address on my profile.,account,5
3511,Why was I charged for this month?,billing,4
3435,My payment was declined.,billing,4
3183,Why was I charged for this month?,billing,5
540,The software freezes when I upload a file.,technical,5
1439,Something is broken and I cannot generate a document.,technical,3
4395,I would like to request a new feature for dark mode.,feature_request,4
3546,Why was I charged for this month?,billing,3
489,There is a bug preventing me from generate a document.,technical,4
856,I am getting an error when I try to open a document.,technical,4
4625,Could you implement advanced reporting?,feature_request,5
3661,Can you tell me more about the platform?,general,4
3612,Can you give me more information about the service?,general,3
218,The system stops working whenever I open the dashboard.,technical,4
503,The software freezes when I import data.,technical,5
3460,I do not recognize a charge on my account.,billing,4
3101,My payment was declined.,billing,4
1321,Something is broken and I cannot download a file.,technical,4
4595,I would like the platform to support an improved search system.,feature_request,4
4246,Where can I find more information about this product?,general,4
4959,How do I terminate my subscription?,cancellation,4
4110,How does the platform work?,general,4
1759,How do I change my account permissions?,account,3
4258,I have a general question about the service.,general,4
3184,Why was I charged for this month?,billing,4
89,The system stops working whenever I open the dashboard.,technical,5
2389,I need help updating my profile information.,account,5
23,The application crashes when I export a report.,technical,5
4279,I would like more information about your plans.,general,4
3840,Can you tell me more about the platform?,general,4
2092,I need help updating my profile information.,account,5
4710,Could you implement dark mode?,feature_request,5
3407,The subscription price on my invoice is incorrect.,billing,3
3420,I do not recognize a charge on my account.,billing,5
4201,Where can I find the documentation?,general,4
1459,The software freezes when I open a document.,technical,5
3482,How can I change my payment method?,billing,5
4399,Could you implement a mobile application?,feature_request,5
677,There is a bug preventing me from import data.,technical,5
2969,I need a copy of my invoice.,billing,5
877,The application crashes when I download a file.,technical,5
3396,I do not recognize a charge on my account.,billing,5
3627,I would like more information about your plans.,general,3
2535,I need help updating my profile information.,account,3
3810,How does the platform work?,general,4
2355,How do I change my account permissions?,account,4
2900,The subscription price on my invoice is incorrect.,billing,3
1488,The software freezes when I save a project.,technical,5
4592,Is it possible to add bulk file uploads?,feature_request,4
415,I keep receiving an error while trying to save a project.,technical,4
10,I keep receiving an error while trying to open a document.,technical,3
1325,The software freezes when I generate a document.,technical,4
232,I am getting an error when I try to save a project.,technical,4
4748,Please consider adding advanced reporting in a future update.,feature_request,5
123,There is a bug preventing me from generate a document.,technical,3
4777,How can I cancel my account?,cancellation,3
4263,I have a general question about the service.,general,4
4195,How does the platform work?,general,5
3335,I was charged the wrong amount.,billing,5
4228,Can you tell me more about the platform?,general,5
313,The software freezes when I save a project.,technical,4
4587,Is it possible to add additional export formats?,feature_request,4
1684,My account is locked and I cannot sign in.,account,5
4751,I do not want to renew my subscription.,cancellation,4
1531,I cannot log into my account.,account,5
4182,Where can I find more information about this product?,general,2
3779,Can you tell me more about the platform?,general,2
793,The system stops working whenever I import data.,technical,4
1493,I am getting an error when I try to open a document.,technical,5
4121,Can you give me more information about the service?,general,3
909,There is a bug preventing me from open the dashboard.,technical,4
2762,I need a copy of my invoice.,billing,5
2258,How do I change my account permissions?,account,4
2431,I cannot access my account after changing my password.,account,4
1579,I need help updating my profile information.,account,5
4677,I think the platform would be better with an improved search system.,feature_request,5
845,The system stops working whenever I generate a document.,technical,4
1816,I need to update the email address on my profile.,account,4
2124,I forgot my password and cannot access my account.,account,5
1014,The software freezes when I import data.,technical,4
3053,My payment was declined.,billing,4
1801,How do I change my account permissions?,account,5
3528,I do not recognize a charge on my account.,billing,4
2319,I cannot access my account after changing my password.,account,4
1659,My account is locked and I cannot sign in.,account,5
3637,Where can I find more information about this product?,general,5
6,The software freezes when I export a report.,technical,4
1268,There is a bug preventing me from download a file.,technical,4
3288,How can I change my payment method?,billing,5
1364,I am getting an error when I try to download a file.,technical,5
4193,Can you give me more information about the service?,general,4
3578,I was charged twice for my subscription.,billing,5
3114,Why was I charged for this month?,billing,5
3142,The subscription price on my invoice is incorrect.,billing,5
16,The application is not working correctly when I open a document.,technical,5
4831,Please help me cancel my subscription.,cancellation,5
4163,Can you explain how this works?,general,5
509,I am getting an error when I try to save a project.,technical,5
2822,I was charged the wrong amount.,billing,4
1954,How can I change my password?,account,4
2385,I cannot access my account after changing my password.,account,5
4360,Could you implement additional export formats?,feature_request,3
1551,I forgot my password and cannot access my account.,account,5
2652,I forgot my password and cannot access my account.,account,5
473,There is a bug preventing me from save a project.,technical,4
2735,The subscription price on my invoice is incorrect.,billing,5
422,The application crashes when I open the dashboard.,technical,5
4358,I would like the platform to support bulk file uploads.,feature_request,4
184,There is a bug preventing me from open a document.,technical,5
4510,I think the platform would be better with dark mode.,feature_request,5
469,There is a bug preventing me from generate a document.,technical,4
912,The software freezes when I upload a file.,technical,4
3866,Where can I find more information about this product?,general,4
1911,How can I change my password?,account,5
1386,Something is broken and I cannot import data.,technical,5
4006,Where can I find more information about this product?,general,4
3889,Can you give me more information about the service?,general,3
1335,I keep receiving an error while trying to download a file.,technical,5
2876,I was charged twice for my subscription.,billing,5
1371,There is a bug preventing me from generate a document.,technical,4
1064,The system stops working whenever I save a project.,technical,5
46,The system stops working whenever I save a project.,technical,5
3780,How does the platform work?,general,5
4250,I have a general question about the service.,general,5
770,There is a bug preventing me from import data.,technical,4
776,The application crashes when I open the dashboard.,technical,4
667,The application is not working correctly when I upload a file.,technical,5
1290,The application is not working correctly when I generate a document.,technical,5
4415,I would like to request a new feature for calendar integration.,feature_request,4
2940,How can I change my payment method?,billing,5
4134,Where can I find more information about this product?,general,3
2383,I need help updating my profile information.,account,4
2491,I need help updating my profile information.,account,4
4953,I want to stop using the service.,cancellation,3
751,Something is broken and I cannot export a report.,technical,5
1637,I need to update the email address on my profile.,account,4
1401,The application crashes when I download a file.,technical,3
4483,Could you add advanced reporting to the application?,feature_request,3
764,The system stops working whenever I generate a document.,technical,4
3096,The subscription price on my invoice is incorrect.,billing,4
4939,I would like to cancel my plan.,cancellation,4
4542,Is it possible to add calendar integration?,feature_request,3
451,Something is broken and I cannot open the dashboard.,technical,5
795,Something is broken and I cannot import data.,technical,5
1306,The application is not working correctly when I save a project.,technical,5
2833,How can I change my payment method?,billing,5
2658,I cannot log into my account.,account,4
2883,The subscription price on my invoice is incorrect.,billing,5
4987,I do not want to renew my subscription.,cancellation,4
3778,Can you tell me more about the platform?,general,3
3977,Can you tell me more about the platform?,general,5
4977,I would like to cancel my plan.,cancellation,5
2905,I was charged twice for my subscription.,billing,5
3429,My payment was declined.,billing,5
1081,The system stops working whenever I generate a document.,technical,3
127,I am getting an error when I try to generate a document.,technical,5
1897,I cannot access my account after changing my password.,account,4
4254,I have a general question about the service.,general,5
3012,Why was I charged for this month?,billing,5
235,There is a bug preventing me from generate a document.,technical,5
2159,How can I change my password?,account,5
3686,How does the platform work?,general,4
1599,How do I change my account permissions?,account,5
4124,Can you tell me more about the platform?,general,3
4951,I want to stop using the service.,cancellation,2
2612,My account is locked and I cannot sign in.,account,5
2680,How can I change my password?,account,4
514,Something is broken and I cannot export a report.,technical,5
1412,The system stops working whenever I save a project.,technical,5
4136,I have a general question about the service.,general,5
3787,I would like more information about your plans.,general,3
855,There is a bug preventing me from download a file.,technical,3
3131,Why was I charged for this month?,billing,4
3310,Why was I charged for this month?,billing,5
166,The system stops working whenever I upload a file.,technical,5
1529,My account is locked and I cannot sign in.,account,3
4917,I want to stop using the service.,cancellation,4
593,I keep receiving an error while trying to generate a document.,technical,4
3952,Can you explain how this works?,general,3
1187,There is a bug preventing me from generate a document.,technical,4
3282,I was charged twice for my subscription.,billing,4
997,The application is not working correctly when I open a document.,technical,3
3374,I do not recognize a charge on my account.,billing,3
1605,I forgot my password and cannot access my account.,account,4
4662,I think the platform would be better with additional export formats.,feature_request,4
4924,I want to stop using the service.,cancellation,2
567,I keep receiving an error while trying to import data.,technical,5
4346,Is it possible to add calendar integration?,feature_request,3
4419,I would like the platform to support dark mode.,feature_request,5
2565,My account is locked and I cannot sign in.,account,3
4029,Can you tell me more about the platform?,general,4
3763,Can you give me more information about the service?,general,4
2875,I was charged the wrong amount.,billing,5
2134,I forgot my password and cannot access my account.,account,4
4149,Can you explain how this works?,general,4
54,The application crashes when I export a report.,technical,3
3683,I have a general question about the service.,general,2
2962,I do not recognize a charge on my account.,billing,4
2588,I cannot log into my account.,account,5
2303,I forgot my password and cannot access my account.,account,5
974,The system stops working whenever I save a project.,technical,5
1530,I cannot log into my account.,account,5
12,The application is not working correctly when I upload a file.,technical,5
4874,I want to stop using the service.,cancellation,4
2816,Why was I charged for this month?,billing,5
2989,I do not recognize a charge on my account.,billing,4
4440,Could you implement additional export formats?,feature_request,3
2466,I need to update the email address on my profile.,account,5
2166,How can I change my password?,account,4
3957,Where can I find more information about this product?,general,5
122,I am getting an error when I try to download a file.,technical,5
1012,The application is not working correctly when I open a document.,technical,5
4881,I want to cancel my subscription.,cancellation,4
2231,I cannot log into my account.,account,5
3512,I need a copy of my invoice.,billing,5
2167,I cannot log into my account.,account,5
1938,My account is locked and I cannot sign in.,account,5
3218,The subscription price on my invoice is incorrect.,billing,5
357,I am getting an error when I try to import data.,technical,5
4112,Where can I find the documentation?,general,3
1700,I need help updating my profile information.,account,5
2381,I forgot my password and cannot access my account.,account,5
1641,I need to update the email address on my profile.,account,5
4998,How can I cancel my account?,cancellation,4
2119,I need help updating my profile information.,account,5
4272,I have a general question about the service.,general,4
3168,I was charged the wrong amount.,billing,4
891,The software freezes when I generate a document.,technical,5
1514,My account is locked and I cannot sign in.,account,5
4189,Can you tell me more about the platform?,general,4
390,The application is not working correctly when I open the dashboard.,technical,5
1158,The system stops working whenever I open a document.,technical,5
348,There is a bug preventing me from import data.,technical,3
703,The application crashes when I export a report.,technical,5
1203,I am getting an error when I try to export a report.,technical,5
1968,My account is locked and I cannot sign in.,account,4
2484,How do I change my account permissions?,account,4
3784,Where can I find the documentation?,general,5
652,The software freezes when I save a project.,technical,5
3134,Why was I charged for this month?,billing,4
3216,Why was I charged for this month?,billing,5
1803,I need help updating my profile information.,account,5
2523,My account is locked and I cannot sign in.,account,4
4204,I would like more information about your plans.,general,5
2314,My account is locked and I cannot sign in.,account,5
2420,I forgot my password and cannot access my account.,account,4
1337,The system stops working whenever I open a document.,technical,4
3859,How does the platform work?,general,4
1253,The system stops working whenever I open a document.,technical,3
472,Something is broken and I cannot upload a file.,technical,5
1329,The system stops working whenever I download a file.,technical,5
1665,I cannot log into my account.,account,5
3689,Can you give me more information about the service?,general,3
4244,Where can I find the documentation?,general,4
4993,How can I cancel my account?,cancellation,5
3583,I was charged twice for my subscription.,billing,5
2626,I need help updating my profile information.,account,5
4237,Can you give me more information about the service?,general,4
2348,My account is locked and I cannot sign in.,account,5
1769,I need help updating my profile information.,account,5
2627,I need to update the email address on my profile.,account,4
772,I keep receiving an error while trying to download a file.,technical,4
4478,I would like to request a new feature for calendar integration.,feature_request,4
879,I am getting an error when I try to save a project.,technical,4
2596,How can I change my password?,account,5
2345,I need help updating my profile information.,account,5
3302,The subscription price on my invoice is incorrect.,billing,4
4428,I would like the platform to support a mobile application.,feature_request,3
4305,Could you implement an improved search system?,feature_request,2
4682,Could you implement additional export formats?,feature_request,5
4475,I would like to request a new feature for bulk file uploads.,feature_request,4
4092,Where can I find more information about this product?,general,5
2379,My account is locked and I cannot sign in.,account,5
1864,My account is locked and I cannot sign in.,account,4
671,The software freezes when I save a project.,technical,4
4082,Can you give me more information about the service?,general,2
576,I am getting an error when I try to download a file.,technical,5
2789,How can I change my payment method?,billing,4
881,There is a bug preventing me from save a project.,technical,5
2707,I was charged the wrong amount.,billing,5
4963,How do I terminate my subscription?,cancellation,3
2889,My payment was declined.,billing,4
2901,I was charged twice for my subscription.,billing,5
2251,I need to update the email address on my profile.,account,5
910,Something is broken and I cannot export a report.,technical,5
3235,My payment was declined.,billing,4
698,Something is broken and I cannot save a project.,technical,5
2047,I need to update the email address on my profile.,account,5
1779,I cannot access my account after changing my password.,account,5
3110,I was charged twice for my subscription.,billing,4
851,Something is broken and I cannot open a document.,technical,4
733,The software freezes when I open a document.,technical,5
3431,Why was I charged for this month?,billing,4
2605,I forgot my password and cannot access my account.,account,4
426,The system stops working whenever I upload a file.,technical,4
4867,I want to stop using the service.,cancellation,4
2364,I cannot log into my account.,account,5
761,The application crashes when I open the dashboard.,technical,5
2811,I do not recognize a charge on my account.,billing,4
1241,The software freezes when I download a file.,technical,5
3160,Why was I charged for this month?,billing,4
1696,I cannot access my account after changing my password.,account,3
3151,I was charged twice for my subscription.,billing,5
3223,The subscription price on my invoice is incorrect.,billing,5
3752,How does the platform work?,general,4
4267,Can you tell me more about the platform?,general,3
3475,I need a copy of my invoice.,billing,4
4036,Can you explain how this works?,general,5
65,The system stops working whenever I generate a document.,technical,5
3871,I have a general question about the service.,general,4
4840,How can I cancel my account?,cancellation,2
3233,My payment was declined.,billing,4
748,The system stops working whenever I download a file.,technical,4
4393,It would be useful to have an improved search system.,feature_request,3
2413,How can I change my password?,account,5
151,There is a bug preventing me from generate a document.,technical,5
2108,I cannot log into my account.,account,5
4455,I think the platform would be better with dark mode.,feature_request,3
4417,I would like to request a new feature for a mobile application.,feature_request,4
2697,How do I change my account permissions?,account,4
4790,I want to close my account and cancel the service.,cancellation,3
3732,How does the platform work?,general,4
4969,I want to close my account and cancel the service.,cancellation,3
826,I am getting an error when I try to save a project.,technical,5
3855,I would like more information about your plans.,general,5
3982,I have a general question about the service.,general,4
3186,I need a copy of my invoice.,billing,4
3643,Where can I find more information about this product?,general,3
1880,I cannot log into my account.,account,5
752,The system stops working whenever I generate a document.,technical,3
2644,I need to update the email address on my profile.,account,5
4337,Please consider adding advanced reporting in a future update.,feature_request,3
1033,The system stops working whenever I open a document.,technical,5
1338,The software freezes when I import data.,technical,5
3620,Can you tell me more about the platform?,general,5
1,I am getting an error when I try to upload a file.,technical,5
4818,Please help me cancel my subscription.,cancellation,4
895,I am getting an error when I try to open a document.,technical,4
234,Something is broken and I cannot open the dashboard.,technical,4
4347,I think the platform would be better with additional export formats.,feature_request,4
815,I keep receiving an error while trying to upload a file.,technical,5
2849,I was charged twice for my subscription.,billing,4
2407,I cannot access my account after changing my password.,account,5
4401,Could you implement additional export formats?,feature_request,4
1463,Something is broken and I cannot export a report.,technical,5
1382,The system stops working whenever I upload a file.,technical,5
2302,My account is locked and I cannot sign in.,account,4
882,The software freezes when I open a document.,technical,4
1494,I am getting an error when I try to upload a file.,technical,5
1993,I forgot my password and cannot access my account.,account,5
2454,My account is locked and I cannot sign in.,account,5
4266,I would like more information about your plans.,general,4
3623,Can you explain how this works?,general,4
4989,How can I cancel my account?,cancellation,2
1901,I need help updating my profile information.,account,5
4416,I would like the platform to support custom notifications.,feature_request,4
4117,Where can I find more information about this product?,general,2
1118,The software freezes when I open the dashboard.,technical,4
3139,My payment was declined.,billing,5
387,The software freezes when I open the dashboard.,technical,5
4031,Where can I find more information about this product?,general,3
2987,How can I change my payment method?,billing,4
1548,I cannot log into my account.,account,5
2257,I need help updating my profile information.,account,5
1858,I cannot access my account after changing my password.,account,3
258,The application crashes when I export a report.,technical,4
1222,The software freezes when I open a document.,technical,4
3476,The subscription price on my invoice is incorrect.,billing,4
1632,How can I change my password?,account,5
3539,I do not recognize a charge on my account.,billing,3
1491,Something is broken and I cannot save a project.,technical,5
4541,Could you implement custom notifications?,feature_request,2
2095,I forgot my password and cannot access my account.,account,5
1959,I forgot my password and cannot access my account.,account,4
4168,Can you explain how this works?,general,3
2430,How can I change my password?,account,4
97,The application is not working correctly when I upload a file.,technical,3
19,There is a bug preventing me from generate a document.,technical,5
3447,I do not recognize a charge on my account.,billing,4
2545,I cannot log into my account.,account,5
4957,Please help me cancel my subscription.,cancellation,4
4342,I would like to request a new feature for an improved search system.,feature_request,5
4367,I think the platform would be better with custom notifications.,feature_request,3
3750,Can you explain how this works?,general,4
2978,How can I change my payment method?,billing,5
3526,How can I change my payment method?,billing,4
3934,Where can I find more information about this product?,general,4
1305,The application crashes when I save a project.,technical,3
4255,How does the platform work?,general,4
989,There is a bug preventing me from export a report.,technical,5
477,The application crashes when I download a file.,technical,5
1308,The application is not working correctly when I open a document.,technical,4
3232,I do not recognize a charge on my account.,billing,5
3552,I do not recognize a charge on my account.,billing,5
2193,How do I change my account permissions?,account,5
2576,My account is locked and I cannot sign in.,account,5
2306,I need help updating my profile information.,account,5
486,There is a bug preventing me from upload a file.,technical,5
663,There is a bug preventing me from upload a file.,technical,4
805,I keep receiving an error while trying to open the dashboard.,technical,5
2074,I cannot access my account after changing my password.,account,4
1274,The system stops working whenever I export a report.,technical,4
2595,I need help updating my profile information.,account,4
3191,How can I change my payment method?,billing,5
1440,The software freezes when I generate a document.,technical,5
3899,How does the platform work?,general,3
3467,I was charged twice for my subscription.,billing,5
4381,Could you add an improved search system to the application?,feature_request,5
2160,I cannot access my account after changing my password.,account,4
4909,I want to cancel my subscription.,cancellation,3
3845,I would like more information about your plans.,general,4
2744,I do not recognize a charge on my account.,billing,5
2654,How can I change my password?,account,5
4083,How does the platform work?,general,4
577,The application crashes when I open the dashboard.,technical,4
1368,I am getting an error when I try to download a file.,technical,5
4532,It would be useful to have calendar integration.,feature_request,4
4400,I would like to request a new feature for custom notifications.,feature_request,4
794,Something is broken and I cannot open a document.,technical,4
2174,How do I change my account permissions?,account,4
1271,I keep receiving an error while trying to generate a document.,technical,5
3819,Where can I find more information about this product?,general,4
1243,The software freezes when I open a document.,technical,5
532,There is a bug preventing me from import data.,technical,5
1889,I forgot my password and cannot access my account.,account,5
2719,How can I change my payment method?,billing,4
1647,How can I change my password?,account,4
4411,Is it possible to add custom notifications?,feature_request,4
676,The system stops working whenever I download a file.,technical,4
619,The software freezes when I download a file.,technical,5
368,I am getting an error when I try to open a document.,technical,4
3122,Why was I charged for this month?,billing,3
1436,The application is not working correctly when I upload a file.,technical,3
1513,How can I change my password?,account,5
2128,My account is locked and I cannot sign in.,account,4
1749,I cannot log into my account.,account,5
934,There is a bug preventing me from import data.,technical,4
971,The application crashes when I import data.,technical,5
280,Something is broken and I cannot upload a file.,technical,5
2129,I forgot my password and cannot access my account.,account,4
2044,I cannot log into my account.,account,5
90,The application is not working correctly when I upload a file.,technical,5
2525,I cannot access my account after changing my password.,account,5
51,Something is broken and I cannot open a document.,technical,4
1208,The application is not working correctly when I export a report.,technical,5
4803,How can I cancel my account?,cancellation,4
981,The application is not working correctly when I save a project.,technical,4
2620,I need to update the email address on my profile.,account,3
4825,I want to cancel my subscription.,cancellation,5
3020,I was charged the wrong amount.,billing,5
105,There is a bug preventing me from open a document.,technical,4
2631,I need help updating my profile information.,account,5
2267,I cannot log into my account.,account,4
1205,The application is not working correctly when I upload a file.,technical,5
598,The application is not working correctly when I generate a document.,technical,4
2526,My account is locked and I cannot sign in.,account,5
4144,Where can I find more information about this product?,general,5
2127,I cannot access my account after changing my password.,account,5
3492,Why was I charged for this month?,billing,4
3051,I do not recognize a charge on my account.,billing,4
1336,I am getting an error when I try to export a report.,technical,4
3303,How can I change my payment method?,billing,5
4610,I would like the platform to support an improved search system.,feature_request,3
528,I keep receiving an error while trying to save a project.,technical,5
2591,I need help updating my profile information.,account,5
1580,I need help updating my profile information.,account,3
1978,I cannot log into my account.,account,5
3589,The subscription price on my invoice is incorrect.,billing,5
4859,I want to stop using the service.,cancellation,4
653,There is a bug preventing me from upload a file.,technical,5
1169,Something is broken and I cannot import data.,technical,4
4349,I would like to request a new feature for a mobile application.,feature_request,5
1794,How can I change my password?,account,4
3711,Where can I find the documentation?,general,2
1085,The application is not working correctly when I download a file.,technical,5
943,There is a bug preventing me from open the dashboard.,technical,5
2195,How do I change my account permissions?,account,4
1430,Something is broken and I cannot generate a document.,technical,5
833,The application is not working correctly when I import data.,technical,5
1955,I need help updating my profile information.,account,5
441,Something is broken and I cannot export a report.,technical,4
917,The application crashes when I save a project.,technical,5
3293,My payment was declined.,billing,4
456,The system stops working whenever I generate a document.,technical,4
3070,I do not recognize a charge on my account.,billing,4
204,I am getting an error when I try to generate a document.,technical,4
1196,The application is not working correctly when I download a file.,technical,5
1394,The application is not working correctly when I open the dashboard.,technical,4
1522,How do I change my account permissions?,account,5
2447,I need to update the email address on my profile.,account,5
3424,Why was I charged for this month?,billing,4
926,There is a bug preventing me from open a document.,technical,5
2706,Why was I charged for this month?,billing,5
2088,My account is locked and I cannot sign in.,account,5
3300,I was charged twice for my subscription.,billing,4
4103,I would like more information about your plans.,general,2
1708,I cannot access my account after changing my password.,account,4
597,The application is not working correctly when I open the dashboard.,technical,4
3037,I was charged the wrong amount.,billing,5
3898,I have a general question about the service.,general,2
3214,I do not recognize a charge on my account.,billing,5
1506,I cannot access my account after changing my password.,account,5
498,The application is not working correctly when I open the dashboard.,technical,5
1505,I cannot log into my account.,account,5
2280,I forgot my password and cannot access my account.,account,3
4422,Is it possible to add advanced reporting?,feature_request,5
4170,Where can I find the documentation?,general,4
3658,Where can I find the documentation?,general,3
2700,How can I change my password?,account,5
2846,How can I change my payment method?,billing,5
4375,Please consider adding a mobile application in a future update.,feature_request,2
754,The software freezes when I import data.,technical,4
4686,Could you implement advanced reporting?,feature_request,3
7,The application is not working correctly when I upload a file.,technical,5
3023,I was charged twice for my subscription.,billing,5
786,Something is broken and I cannot export a report.,technical,5
3234,I was charged twice for my subscription.,billing,5
1240,I am getting an error when I try to export a report.,technical,5
3198,Why was I charged for this month?,billing,4
4307,Is it possible to add an improved search system?,feature_request,4
615,I am getting an error when I try to import data.,technical,4
1235,There is a bug preventing me from download a file.,technical,5
2085,I need help updating my profile information.,account,4
3280,Why was I charged for this month?,billing,5
884,I am getting an error when I try to download a file.,technical,4
1882,I cannot access my account after changing my password.,account,4
3286,I do not recognize a charge on my account.,billing,5
1660,I cannot log into my account.,account,5
3805,Can you tell me more about the platform?,general,5
4808,I want to close my account and cancel the service.,cancellation,4
634,I keep receiving an error while trying to open a document.,technical,5
129,The application is not working correctly when I save a project.,technical,4
4493,Could you add advanced reporting to the application?,feature_request,4
1272,I am getting an error when I try to save a project.,technical,5
4496,Is it possible to add bulk file uploads?,feature_request,5
4626,I think the platform would be better with custom notifications.,feature_request,4
1215,The application is not working correctly when I upload a file.,technical,4
896,The application crashes when I upload a file.,technical,5
925,I keep receiving an error while trying to import data.,technical,5
4581,I would like the platform to support advanced reporting.,feature_request,5
875,I am getting an error when I try to upload a file.,technical,5
4371,Please consider adding a mobile application in a future update.,feature_request,3
1826,My account is locked and I cannot sign in.,account,5
3493,The subscription price on my invoice is incorrect.,billing,5
3119,The subscription price on my invoice is incorrect.,billing,5
2393,I need help updating my profile information.,account,4
635,I am getting an error when I try to upload a file.,technical,5
4020,I have a general question about the service.,general,2
657,The application is not working correctly when I export a report.,technical,5
1404,I am getting an error when I try to open the dashboard.,technical,5
686,I keep receiving an error while trying to generate a document.,technical,4
789,There is a bug preventing me from open the dashboard.,technical,5
2922,I need a copy of my invoice.,billing,5
1406,The application is not working correctly when I import data.,technical,3
1953,How can I change my password?,account,5
931,The application is not working correctly when I open a document.,technical,3
4383,It would be useful to have custom notifications.,feature_request,4
3646,Where can I find more information about this product?,general,5
4559,Could you implement advanced reporting?,feature_request,3
2154,I cannot access my account after changing my password.,account,4
1361,The software freezes when I open the dashboard.,technical,5
4153,Where can I find the documentation?,general,5
286,There is a bug preventing me from generate a document.,technical,5
4450,I would like to request a new feature for an improved search system.,feature_request,4
1524,My account is locked and I cannot sign in.,account,5
3145,My payment was declined.,billing,4
1435,I keep receiving an error while trying to download a file.,technical,4
2189,I forgot my password and cannot access my account.,account,5
3502,I do not recognize a charge on my account.,billing,5
1550,My account is locked and I cannot sign in.,account,4
2105,I need help updating my profile information.,account,5
63,I keep receiving an error while trying to open a document.,technical,4
4670,I would like to request a new feature for calendar integration.,feature_request,3
2184,I need to update the email address on my profile.,account,4
4171,I would like more information about your plans.,general,2
3933,Where can I find more information about this product?,general,4
2510,I cannot log into my account.,account,3
2684,I need help updating my profile information.,account,4
2173,How can I change my password?,account,5
2851,I was charged the wrong amount.,billing,3
1542,I need to update the email address on my profile.,account,5
2380,I forgot my password and cannot access my account.,account,5
279,Something is broken and I cannot open a document.,technical,5
3388,I was charged twice for my subscription.,billing,4
370,I keep receiving an error while trying to open a document.,technical,4
2805,The subscription price on my invoice is incorrect.,billing,5
2766,I was charged the wrong amount.,billing,5
4445,Could you add an improved search system to the application?,feature_request,3
3941,Where can I find more information about this product?,general,4
3489,I was charged the wrong amount.,billing,5
406,The application is not working correctly when I import data.,technical,4
4407,I think the platform would be better with a mobile application.,feature_request,5
1979,I need help updating my profile information.,account,5
983,The application crashes when I save a project.,technical,5
1333,Something is broken and I cannot save a project.,technical,4
2501,I need help updating my profile information.,account,3
2172,My account is locked and I cannot sign in.,account,5
4451,Could you add a mobile application to the application?,feature_request,4
2481,How can I change my password?,account,3
4352,It would be useful to have dark mode.,feature_request,5
2212,I need help updating my profile information.,account,5
1568,I need help updating my profile information.,account,4
1730,How can I change my password?,account,5
1030,The software freezes when I import data.,technical,5
2536,How do I change my account permissions?,account,5
4673,Could you implement advanced reporting?,feature_request,5
2144,My account is locked and I cannot sign in.,account,4
3602,Can you give me more information about the service?,general,3
2794,Why was I charged for this month?,billing,4
1261,Something is broken and I cannot import data.,technical,4
4573,It would be useful to have calendar integration.,feature_request,2
4567,Please consider adding a mobile application in a future update.,feature_request,5
797,Something is broken and I cannot save a project.,technical,5
4085,How does the platform work?,general,5
1743,I forgot my password and cannot access my account.,account,5
3964,Where can I find the documentation?,general,5
2116,I cannot log into my account.,account,5
463,I keep receiving an error while trying to save a project.,technical,4
4458,Could you implement bulk file uploads?,feature_request,5
4303,I would like the platform to support bulk file uploads.,feature_request,3
3473,Why was I charged for this month?,billing,4
2519,My account is locked and I cannot sign in.,account,4
4023,Where can I find more information about this product?,general,3
3848,Can you give me more information about the service?,general,3
1900,I cannot access my account after changing my password.,account,3
2672,I cannot log into my account.,account,5
2549,How do I change my account permissions?,account,3
3426,Why was I charged for this month?,billing,4
79,I am getting an error when I try to export a report.,technical,4
4286,Can you explain how this works?,general,5
1103,I keep receiving an error while trying to export a report.,technical,3
4719,I would like to request a new feature for bulk file uploads.,feature_request,5
670,The software freezes when I import data.,technical,5
2870,I was charged the wrong amount.,billing,3
1564,I cannot access my account after changing my password.,account,3
1393,I keep receiving an error while trying to import data.,technical,5
4576,I think the platform would be better with an improved search system.,feature_request,4
2664,I need to update the email address on my profile.,account,5
2409,I cannot log into my account.,account,4
2721,I do not recognize a charge on my account.,billing,4
4077,Can you explain how this works?,general,2
3324,Why was I charged for this month?,billing,5
2524,I cannot access my account after changing my password.,account,5
3670,Where can I find the documentation?,general,4
91,The application is not working correctly when I open a document.,technical,5
3666,I have a general question about the service.,general,5
4852,How can I cancel my account?,cancellation,4
1206,The software freezes when I download a file.,technical,5
631,Something is broken and I cannot import data.,technical,4
181,I am getting an error when I try to upload a file.,technical,5
160,The application crashes when I download a file.,technical,5
1800,How can I change my password?,account,3
728,I keep receiving an error while trying to upload a file.,technical,3
4851,How do I terminate my subscription?,cancellation,4
4816,Please help me cancel my subscription.,cancellation,3
4912,I do not want to renew my subscription.,cancellation,2
3829,Where can I find more information about this product?,general,5
4636,I would like the platform to support calendar integration.,feature_request,3
3751,Where can I find the documentation?,general,2
1604,I need help updating my profile information.,account,5
3353,The subscription price on my invoice is incorrect.,billing,5
3463,The subscription price on my invoice is incorrect.,billing,4
4107,I would like more information about your plans.,general,4
590,There is a bug preventing me from generate a document.,technical,5
2015,I forgot my password and cannot access my account.,account,5
1317,The application crashes when I open a document.,technical,3
2947,How can I change my payment method?,billing,3
985,The system stops working whenever I import data.,technical,5
1983,I need help updating my profile information.,account,4
4864,I want to close my account and cancel the service.,cancellation,5
2237,How do I change my account permissions?,account,3
609,The system stops working whenever I upload a file.,technical,5
4084,Can you explain how this works?,general,5
947,The software freezes when I download a file.,technical,4
3862,How does the platform work?,general,5
2699,My account is locked and I cannot sign in.,account,5
4449,Could you add bulk file uploads to the application?,feature_request,4
2975,The subscription price on my invoice is incorrect.,billing,5
444,The system stops working whenever I download a file.,technical,4
2986,The subscription price on my invoice is incorrect.,billing,5
1704,I need to update the email address on my profile.,account,3
3228,I need a copy of my invoice.,billing,5
1577,I cannot log into my account.,account,5
4534,I would like to request a new feature for calendar integration.,feature_request,4
3414,I do not recognize a charge on my account.,billing,5
3677,Can you give me more information about the service?,general,4
3858,I would like more information about your plans.,general,3
4787,I do not want to renew my subscription.,cancellation,5
1920,How can I change my password?,account,4
1747,How do I change my account permissions?,account,5
3930,Where can I find the documentation?,general,5
3021,I was charged twice for my subscription.,billing,4
4889,I want to cancel my subscription.,cancellation,3
341,There is a bug preventing me from open a document.,technical,5
2705,I was charged twice for my subscription.,billing,5
2344,I need help updating my profile information.,account,5
362,I am getting an error when I try to export a report.,technical,4
4464,Could you implement a mobile application?,feature_request,4
3985,Can you give me more information about the service?,general,3
3005,I need a copy of my invoice.,billing,4
257,I keep receiving an error while trying to open the dashboard.,technical,5
1617,How do I change my account permissions?,account,5
802,The system stops working whenever I download a file.,technical,4
3565,I was charged twice for my subscription.,billing,5
2458,How do I change my account permissions?,account,5
1107,The application crashes when I generate a document.,technical,5
4789,Please help me cancel my subscription.,cancellation,3
3039,I do not recognize a charge on my account.,billing,5
531,The application is not working correctly when I save a project.,technical,4
2829,Why was I charged for this month?,billing,5
2200,I forgot my password and cannot access my account.,account,4
2405,I forgot my password and cannot access my account.,account,4
2637,I forgot my password and cannot access my account.,account,4
4051,Can you explain how this works?,general,4
885,The application crashes when I generate a document.,technical,5
614,Something is broken and I cannot generate a document.,technical,4
2950,I need a copy of my invoice.,billing,5
2796,I was charged twice for my subscription.,billing,5
4325,Is it possible to add calendar integration?,feature_request,3
1624,How can I change my password?,account,4
1674,I forgot my password and cannot access my account.,account,4
1065,The application crashes when I export a report.,technical,4
3054,I was charged the wrong amount.,billing,4
4776,How can I cancel my account?,cancellation,4
1986,I forgot my password and cannot access my account.,account,4
4212,How does the platform work?,general,5
1362,I keep receiving an error while trying to open the dashboard.,technical,5
1432,Something is broken and I cannot download a file.,technical,5
798,The application is not working correctly when I open a document.,technical,5
4609,It would be useful to have custom notifications.,feature_request,4
3984,Where can I find more information about this product?,general,5
3718,Where can I find more information about this product?,general,5
2029,I cannot log into my account.,account,4
505,Something is broken and I cannot upload a file.,technical,4
3651,Where can I find more information about this product?,general,4
154,I keep receiving an error while trying to import data.,technical,5
892,The application is not working correctly when I open a document.,technical,5
1854,My account is locked and I cannot sign in.,account,5
1188,I keep receiving an error while trying to generate a document.,technical,5
3081,I was charged twice for my subscription.,billing,5
497,I am getting an error when I try to import data.,technical,5
1957,I cannot access my account after changing my password.,account,5
4949,How do I terminate my subscription?,cancellation,5
682,I keep receiving an error while trying to generate a document.,technical,5
73,Something is broken and I cannot generate a document.,technical,4
3375,My payment was declined.,billing,5
3046,How can I change my payment method?,billing,5
2653,How can I change my password?,account,4
3961,Where can I find the documentation?,general,5
2874,The subscription price on my invoice is incorrect.,billing,4
1475,There is a bug preventing me from save a project.,technical,5
3201,I was charged the wrong amount.,billing,5
4882,I would like to cancel my plan.,cancellation,3
3776,Where can I find more information about this product?,general,3
3823,Where can I find the documentation?,general,3
1707,I cannot log into my account.,account,5
2059,I cannot log into my account.,account,5
1512,I need to update the email address on my profile.,account,5
2439,How do I change my account permissions?,account,5
2349,How do I change my account permissions?,account,5
3390,My payment was declined.,billing,5
3098,Why was I charged for this month?,billing,4
3804,Where can I find the documentation?,general,2
3495,I do not recognize a charge on my account.,billing,5
100,I am getting an error when I try to open a document.,technical,5
255,The software freezes when I upload a file.,technical,5
747,The application is not working correctly when I open the dashboard.,technical,4
3540,My payment was declined.,billing,4
4380,Could you implement custom notifications?,feature_request,5
1088,Something is broken and I cannot upload a file.,technical,5
4470,Please consider adding an improved search system in a future update.,feature_request,4
2628,My account is locked and I cannot sign in.,account,3
2157,I cannot access my account after changing my password.,account,5
4154,Can you tell me more about the platform?,general,5
4736,It would be useful to have an improved search system.,feature_request,2
2006,I need help updating my profile information.,account,5
1360,The application is not working correctly when I generate a document.,technical,5
4544,I think the platform would be better with a mobile application.,feature_request,4
4223,Can you give me more information about the service?,general,3
3132,I do not recognize a charge on my account.,billing,5
289,The application is not working correctly when I upload a file.,technical,3
2366,My account is locked and I cannot sign in.,account,4
4054,I would like more information about your plans.,general,5
2933,How can I change my payment method?,billing,5
3264,How can I change my payment method?,billing,3
3887,How does the platform work?,general,3
2335,I forgot my password and cannot access my account.,account,4
4037,How does the platform work?,general,4
3581,The subscription price on my invoice is incorrect.,billing,5
4716,It would be useful to have advanced reporting.,feature_request,3
4713,Is it possible to add bulk file uploads?,feature_request,3
4291,I would like more information about your plans.,general,5
2241,How can I change my password?,account,5
3910,I have a general question about the service.,general,5
4448,Could you add custom notifications to the application?,feature_request,3
4769,I want to cancel my subscription.,cancellation,5
4516,It would be useful to have bulk file uploads.,feature_request,4
4382,Could you implement custom notifications?,feature_request,2
352,I am getting an error when I try to open the dashboard.,technical,5
1323,Something is broken and I cannot export a report.,technical,5
2985,I need a copy of my invoice.,billing,4
495,The software freezes when I open a document.,technical,4
2250,How can I change my password?,account,5
2515,I cannot access my account after changing my password.,account,4
687,I keep receiving an error while trying to generate a document.,technical,4
2034,I cannot access my account after changing my password.,account,4
557,There is a bug preventing me from import data.,technical,3
1369,I keep receiving an error while trying to open a document.,technical,5
3611,Where can I find more information about this product?,general,5
4763,Please help me cancel my subscription.,cancellation,5
1932,I cannot log into my account.,account,3
3068,The subscription price on my invoice is incorrect.,billing,5
1151,I am getting an error when I try to generate a document.,technical,5
3243,I do not recognize a charge on my account.,billing,3
4160,Where can I find the documentation?,general,4
1772,I cannot access my account after changing my password.,account,4
4841,I would like to cancel my plan.,cancellation,4
1474,The system stops working whenever I import data.,technical,5
2506,I cannot access my account after changing my password.,account,3
626,There is a bug preventing me from upload a file.,technical,5
2877,My payment was declined.,billing,3
876,The application crashes when I generate a document.,technical,4
4050,Can you give me more information about the service?,general,5
4614,It would be useful to have an improved search system.,feature_request,4
1727,How do I change my account permissions?,account,5
291,The software freezes when I save a project.,technical,4
3084,The subscription price on my invoice is incorrect.,billing,5
2492,My account is locked and I cannot sign in.,account,5
3253,The subscription price on my invoice is incorrect.,billing,4
573,The application is not working correctly when I import data.,technical,5
3261,My payment was declined.,billing,4
3597,I was charged the wrong amount.,billing,3
163,The application is not working correctly when I download a file.,technical,5
4473,It would be useful to have a mobile application.,feature_request,4
2572,I forgot my password and cannot access my account.,account,5
2645,How do I change my account permissions?,account,5
1173,There is a bug preventing me from upload a file.,technical,4
2958,My payment was declined.,billing,4
3935,I would like more information about your plans.,general,4
1574,My account is locked and I cannot sign in.,account,4
874,The system stops working whenever I open the dashboard.,technical,5
2004,I cannot log into my account.,account,4
2069,I need help updating my profile information.,account,3
1761,I cannot log into my account.,account,4
3036,How can I change my payment method?,billing,5
1764,My account is locked and I cannot sign in.,account,4
2245,How do I change my account permissions?,account,5
4634,Please consider adding an improved search system in a future update.,feature_request,4
374,There is a bug preventing me from open a document.,technical,4
4019,Can you give me more information about the service?,general,4
1950,I forgot my password and cannot access my account.,account,5
4511,Please consider adding custom notifications in a future update.,feature_request,4
318,There is a bug preventing me from download a file.,technical,5
3781,How does the platform work?,general,4
3004,How can I change my payment method?,billing,4
4238,Can you give me more information about the service?,general,4
1046,The software freezes when I open a document.,technical,4
2351,I cannot log into my account.,account,5
2648,My account is locked and I cannot sign in.,account,5
2701,I was charged twice for my subscription.,billing,5
2747,How can I change my payment method?,billing,5
1894,I cannot log into my account.,account,5
3352,Why was I charged for this month?,billing,5
354,The application crashes when I upload a file.,technical,5
2643,I need help updating my profile information.,account,4
4013,I have a general question about the service.,general,4
4088,Where can I find more information about this product?,general,3
4890,I want to close my account and cancel the service.,cancellation,5
2064,I forgot my password and cannot access my account.,account,4
2496,My account is locked and I cannot sign in.,account,5
3267,My payment was declined.,billing,5
1160,The application is not working correctly when I upload a file.,technical,5
4898,How do I terminate my subscription?,cancellation,3
674,The system stops working whenever I open the dashboard.,technical,5
4821,I do not want to renew my subscription.,cancellation,5
1018,I am getting an error when I try to open a document.,technical,5
808,Something is broken and I cannot download a file.,technical,5
1869,How can I change my password?,account,4
1351,The software freezes when I import data.,technical,5
210,I am getting an error when I try to export a report.,technical,4
1313,I am getting an error when I try to export a report.,technical,4
1833,How do I change my account permissions?,account,4
1286,I keep receiving an error while trying to export a report.,technical,3
2566,I need to update the email address on my profile.,account,4
2336,How do I change my account permissions?,account,5
2710,I need a copy of my invoice.,billing,3
1190,The application is not working correctly when I import data.,technical,5
2788,Why was I charged for this month?,billing,4
3410,Why was I charged for this month?,billing,5
4274,Can you give me more information about the service?,general,4
3891,Can you tell me more about the platform?,general,5
3469,I do not recognize a charge on my account.,billing,3
165,The software freezes when I save a project.,technical,5
4869,How do I terminate my subscription?,cancellation,3
3318,How can I change my payment method?,billing,4
3685,How does the platform work?,general,4
4016,Where can I find more information about this product?,general,4
4486,Please consider adding an improved search system in a future update.,feature_request,3
4251,Where can I find more information about this product?,general,2
690,I keep receiving an error while trying to import data.,technical,4
4314,I would like the platform to support advanced reporting.,feature_request,3
1653,I need help updating my profile information.,account,5
4785,How can I cancel my account?,cancellation,5
1373,There is a bug preventing me from export a report.,technical,5
4936,Please help me cancel my subscription.,cancellation,5
2639,I forgot my password and cannot access my account.,account,5
3052,My payment was declined.,billing,4
3383,I need a copy of my invoice.,billing,5
1521,How do I change my account permissions?,account,5
3923,Where can I find the documentation?,general,4
553,I keep receiving an error while trying to export a report.,technical,5
2012,I cannot log into my account.,account,4
4683,Could you add a mobile application to the application?,feature_request,5
4482,I would like to request a new feature for bulk file uploads.,feature_request,4
4100,Can you explain how this works?,general,4
18,I keep receiving an error while trying to save a project.,technical,4
1930,I need help updating my profile information.,account,4
2629,I cannot log into my account.,account,4
592,There is a bug preventing me from open the dashboard.,technical,4
3341,Why was I charged for this month?,billing,4
2186,I need to update the email address on my profile.,account,5
3726,Where can I find the documentation?,general,5
3886,Can you tell me more about the platform?,general,5
574,Something is broken and I cannot generate a document.,technical,5
4396,Could you implement advanced reporting?,feature_request,4
3412,I do not recognize a charge on my account.,billing,4
1247,The application is not working correctly when I open a document.,technical,4
2150,How do I change my account permissions?,account,5
2260,I forgot my password and cannot access my account.,account,4
2590,My account is locked and I cannot sign in.,account,4
1788,I cannot access my account after changing my password.,account,3
3815,I have a general question about the service.,general,5
1852,How do I change my account permissions?,account,4
3043,The subscription price on my invoice is incorrect.,billing,4
1031,Something is broken and I cannot upload a file.,technical,5
2842,I was charged the wrong amount.,billing,5
1108,Something is broken and I cannot import data.,technical,4
4002,Can you tell me more about the platform?,general,3
135,The system stops working whenever I open a document.,technical,4
3173,My payment was declined.,billing,4
3035,My payment was declined.,billing,5
740,The system stops working whenever I download a file.,technical,4
310,The application crashes when I generate a document.,technical,5
3433,I need a copy of my invoice.,billing,4
3086,I need a copy of my invoice.,billing,4
2750,How can I change my payment method?,billing,5
501,I keep receiving an error while trying to download a file.,technical,4
2296,I cannot log into my account.,account,3
143,The application crashes when I open a document.,technical,5
4414,I would like the platform to support custom notifications.,feature_request,4
4061,Can you tell me more about the platform?,general,5
3394,I need a copy of my invoice.,billing,4
3951,I would like more information about your plans.,general,4
1481,The system stops working whenever I generate a document.,technical,5
4760,I do not want to renew my subscription.,cancellation,2
1855,How do I change my account permissions?,account,5
3158,My payment was declined.,billing,5
2979,I was charged the wrong amount.,billing,5
2916,I was charged the wrong amount.,billing,4
1755,I cannot access my account after changing my password.,account,5
1842,How can I change my password?,account,4
4855,I want to stop using the service.,cancellation,3
3472,I was charged the wrong amount.,billing,4
2197,How do I change my account permissions?,account,3
4046,Where can I find the documentation?,general,4
3983,I have a general question about the service.,general,4
4566,Is it possible to add dark mode?,feature_request,5
1825,How can I change my password?,account,5
914,The application crashes when I download a file.,technical,5
4870,I would like to cancel my plan.,cancellation,4
2041,I need help updating my profile information.,account,5
295,The system stops working whenever I export a report.,technical,5
1534,How do I change my account permissions?,account,3
3842,Where can I find the documentation?,general,5
3909,Can you explain how this works?,general,3
4348,It would be useful to have an improved search system.,feature_request,4
2554,I need help updating my profile information.,account,5
1594,I cannot log into my account.,account,4
3541,I was charged the wrong amount.,billing,5
2024,How can I change my password?,account,4
156,The software freezes when I save a project.,technical,5
121,I keep receiving an error while trying to download a file.,technical,5
3608,How does the platform work?,general,4
3357,I do not recognize a charge on my account.,billing,4
3531,I do not recognize a charge on my account.,billing,3
1546,I cannot access my account after changing my password.,account,3
633,I am getting an error when I try to open the dashboard.,technical,5
702,There is a bug preventing me from open a document.,technical,5
3108,My payment was declined.,billing,4
2914,I need a copy of my invoice.,billing,4
3562,I need a copy of my invoice.,billing,4
629,The application is not working correctly when I import data.,technical,5
866,The application is not working correctly when I upload a file.,technical,5
721,I am getting an error when I try to generate a document.,technical,5
385,The system stops working whenever I save a project.,technical,5
3149,How can I change my payment method?,billing,4
4930,I want to stop using the service.,cancellation,3
1449,The application is not working correctly when I open the dashboard.,technical,4
1775,I need help updating my profile information.,account,5
783,I keep receiving an error while trying to open a document.,technical,5
779,Something is broken and I cannot export a report.,technical,5
3452,Why was I charged for this month?,billing,5
111,I am getting an error when I try to download a file.,technical,5
2076,I cannot log into my account.,account,4
17,I am getting an error when I try to download a file.,technical,4
2313,My account is locked and I cannot sign in.,account,4
2356,My account is locked and I cannot sign in.,account,4
3047,Why was I charged for this month?,billing,4
396,The software freezes when I export a report.,technical,5
4001,I have a general question about the service.,general,2
1525,How do I change my account permissions?,account,5
3109,I was charged twice for my subscription.,billing,4
59,The software freezes when I export a report.,technical,3
256,Something is broken and I cannot download a file.,technical,3
638,Something is broken and I cannot open a document.,technical,5
1123,I am getting an error when I try to open a document.,technical,4
2480,I need help updating my profile information.,account,4
4198,Can you tell me more about the platform?,general,3
3220,I do not recognize a charge on my account.,billing,4
1698,I cannot log into my account.,account,5
1407,I am getting an error when I try to import data.,technical,5
4688,Could you implement advanced reporting?,feature_request,5
4632,Is it possible to add bulk file uploads?,feature_request,3
2776,I do not recognize a charge on my account.,billing,5
3663,I would like more information about your plans.,general,4
3143,I do not recognize a charge on my account.,billing,3
3948,Can you give me more information about the service?,general,3
4775,I want to close my account and cancel the service.,cancellation,5
552,The system stops working whenever I import data.,technical,5
3380,Why was I charged for this month?,billing,4
2915,I was charged the wrong amount.,billing,5
546,I keep receiving an error while trying to import data.,technical,5
3373,I was charged the wrong amount.,billing,5
198,I keep receiving an error while trying to generate a document.,technical,4
1935,I cannot access my account after changing my password.,account,4
3113,I do not recognize a charge on my account.,billing,5
4113,Can you explain how this works?,general,2
3659,I have a general question about the service.,general,4
530,The application crashes when I open a document.,technical,5
939,The application crashes when I export a report.,technical,4
1658,My account is locked and I cannot sign in.,account,5
1346,Something is broken and I cannot upload a file.,technical,4
4822,I would like to cancel my plan.,cancellation,3
3250,The subscription price on my invoice is incorrect.,billing,4
4066,Can you give me more information about the service?,general,4
1073,The application is not working correctly when I generate a document.,technical,4
2903,The subscription price on my invoice is incorrect.,billing,3
2659,I cannot access my account after changing my password.,account,4
4231,I have a general question about the service.,general,4
1740,I cannot access my account after changing my password.,account,5
1314,The system stops working whenever I open a document.,technical,3
4436,I think the platform would be better with advanced reporting.,feature_request,5
1962,I cannot access my account after changing my password.,account,5
3504,Why was I charged for this month?,billing,4
4860,I do not want to renew my subscription.,cancellation,2
1434,There is a bug preventing me from open a document.,technical,4
1075,The software freezes when I import data.,technical,5
2548,I need help updating my profile information.,account,5
1251,The application is not working correctly when I save a project.,technical,4
3740,Where can I find the documentation?,general,4
2727,My payment was declined.,billing,4
2009,I cannot log into my account.,account,5
3917,Where can I find more information about this product?,general,4
3042,My payment was declined.,billing,3
4438,I would like the platform to support custom notifications.,feature_request,3
1923,I forgot my password and cannot access my account.,account,3
1956,I forgot my password and cannot access my account.,account,5
1736,My account is locked and I cannot sign in.,account,4
2032,I forgot my password and cannot access my account.,account,3
2550,I forgot my password and cannot access my account.,account,4
3269,I do not recognize a charge on my account.,billing,4
2616,I need to update the email address on my profile.,account,5
2384,How do I change my account permissions?,account,5
4921,I want to close my account and cancel the service.,cancellation,5
2579,How do I change my account permissions?,account,5
4616,I would like to request a new feature for an improved search system.,feature_request,2
1785,I cannot log into my account.,account,5
683,The application crashes when I export a report.,technical,5
1302,The system stops working whenever I download a file.,technical,3
1497,I am getting an error when I try to upload a file.,technical,5
4080,Can you explain how this works?,general,2
818,The application crashes when I open the dashboard.,technical,4
38,The application is not working correctly when I save a project.,technical,5
1813,I need help updating my profile information.,account,3
2863,Why was I charged for this month?,billing,3
47,The system stops working whenever I generate a document.,technical,5
1142,The system stops working whenever I open a document.,technical,4
3976,I have a general question about the service.,general,4
3529,I need a copy of my invoice.,billing,5
3556,I was charged twice for my subscription.,billing,5
713,There is a bug preventing me from generate a document.,technical,5
4457,Is it possible to add advanced reporting?,feature_request,3
1663,I need to update the email address on my profile.,account,5
1237,I am getting an error when I try to save a project.,technical,3
3102,I was charged twice for my subscription.,billing,5
3586,I need a copy of my invoice.,billing,4
66,I am getting an error when I try to open the dashboard.,technical,5
492,Something is broken and I cannot download a file.,technical,4
4862,I want to cancel my subscription.,cancellation,3
3656,I would like more information about your plans.,general,4
4622,Could you add additional export formats to the application?,feature_request,5
3266,How can I change my payment method?,billing,5
2771,I was charged twice for my subscription.,billing,5
4316,Could you implement calendar integration?,feature_request,2
34,Something is broken and I cannot generate a document.,technical,5
3312,I was charged twice for my subscription.,billing,5
526,The software freezes when I open a document.,technical,4
3328,I need a copy of my invoice.,billing,4
4442,Please consider adding an improved search system in a future update.,feature_request,3
262,The application crashes when I download a file.,technical,3
3885,Where can I find the documentation?,general,4
4502,Is it possible to add an improved search system?,feature_request,5
1778,I need help updating my profile information.,account,5
288,I am getting an error when I try to open the dashboard.,technical,4
4721,I would like to request a new feature for advanced reporting.,feature_request,4
4067,Where can I find the documentation?,general,5
197,I keep receiving an error while trying to save a project.,technical,5
2037,I cannot access my account after changing my password.,account,5
468,The software freezes when I open a document.,technical,5
675,The software freezes when I download a file.,technical,5
719,The application crashes when I export a report.,technical,4
966,The application crashes when I import data.,technical,5
2738,I was charged the wrong amount.,billing,5
2593,I forgot my password and cannot access my account.,account,5
1236,There is a bug preventing me from download a file.,technical,5
4762,I do not want to renew my subscription.,cancellation,4
269,The software freezes when I import data.,technical,5
101,The system stops working whenever I upload a file.,technical,5
4752,How do I terminate my subscription?,cancellation,4
4599,Could you implement calendar integration?,feature_request,5
890,I am getting an error when I try to upload a file.,technical,4
830,The software freezes when I open the dashboard.,technical,4
3946,Can you explain how this works?,general,3
3188,Why was I charged for this month?,billing,5
1232,The application is not working correctly when I export a report.,technical,4
1467,The application crashes when I open a document.,technical,4
3443,I was charged the wrong amount.,billing,5
4297,Can you give me more information about the service?,general,3
4479,I would like to request a new feature for custom notifications.,feature_request,3
2504,My account is locked and I cannot sign in.,account,5
502,The application crashes when I open a document.,technical,5
1621,How can I change my password?,account,4
3067,Why was I charged for this month?,billing,5
1062,There is a bug preventing me from generate a document.,technical,5
2994,How can I change my payment method?,billing,5
2279,I need to update the email address on my profile.,account,5
1100,The software freezes when I download a file.,technical,4
1229,I am getting an error when I try to download a file.,technical,4
2995,How can I change my payment method?,billing,4
763,I am getting an error when I try to download a file.,technical,5
4568,Could you implement additional export formats?,feature_request,3
4967,How can I cancel my account?,cancellation,4
2641,My account is locked and I cannot sign in.,account,3
4811,I do not want to renew my subscription.,cancellation,4
240,The application is not working correctly when I generate a document.,technical,4
2424,I forgot my password and cannot access my account.,account,4
1149,The system stops working whenever I open the dashboard.,technical,5
3319,My payment was declined.,billing,5
2568,How can I change my password?,account,4
4583,Is it possible to add dark mode?,feature_request,4
1666,I cannot log into my account.,account,4
1057,Something is broken and I cannot open the dashboard.,technical,4
1664,My account is locked and I cannot sign in.,account,5
4489,Could you implement dark mode?,feature_request,3
4252,Can you tell me more about the platform?,general,3
2930,I was charged the wrong amount.,billing,5
432,The software freezes when I generate a document.,technical,4
312,I am getting an error when I try to generate a document.,technical,4
4130,Where can I find more information about this product?,general,4
2952,My payment was declined.,billing,4
2163,I forgot my password and cannot access my account.,account,3
843,The system stops working whenever I open the dashboard.,technical,5
3795,I would like more information about your plans.,general,3
